/tmp/haruspex_ubiformat/_fpadd_parts_0040c720.c,external.semgrep-rules-0xdea.c.raptor-interesting-api-calls,40,Locate all calls to interesting and potentially insecure API functions (candidate points). The auditor can backtrace from these candidate points to find pathways allowing access from untrusted input.
/tmp/haruspex_ubiformat/_fpadd_parts_0040c720.c,external.semgrep-rules-0xdea.c.raptor-signed-unsigned-conversion,40,The software uses a signed primitive and performs a cast to an unsigned primitive, or uses an unsigned primitive and performs a cast to a signed primitive, which can produce an unexpected value. When the result of a function is to be used as a size parameter, using negative return values can have unexpected results. Although less frequent an issue, unsigned-to-signed conversion can be  the precursor to buffer underwrite conditions. Buffer underwrites  occur frequently when large unsigned values are cast to signed values,  and then used as indexes into a buffer or for pointer arithmetic.
/tmp/haruspex_ubiformat/dev_get_major_004072dc.c,external.semgrep-rules-0xdea.c.raptor-signed-unsigned-conversion,21,The software uses a signed primitive and performs a cast to an unsigned primitive, or uses an unsigned primitive and performs a cast to a signed primitive, which can produce an unexpected value. When the result of a function is to be used as a size parameter, using negative return values can have unexpected results. Although less frequent an issue, unsigned-to-signed conversion can be  the precursor to buffer underwrite conditions. Buffer underwrites  occur frequently when large unsigned values are cast to signed values,  and then used as indexes into a buffer or for pointer arithmetic.
/tmp/haruspex_ubiformat/dev_read_hex_int_004079a0.c,external.semgrep-rules-0xdea.c.raptor-signed-unsigned-conversion,24,The software uses a signed primitive and performs a cast to an unsigned primitive, or uses an unsigned primitive and performs a cast to a signed primitive, which can produce an unexpected value. When the result of a function is to be used as a size parameter, using negative return values can have unexpected results. Although less frequent an issue, unsigned-to-signed conversion can be  the precursor to buffer underwrite conditions. Buffer underwrites  occur frequently when large unsigned values are cast to signed values,  and then used as indexes into a buffer or for pointer arithmetic.
/tmp/haruspex_ubiformat/dev_read_pos_int_00407874.c,external.semgrep-rules-0xdea.c.raptor-signed-unsigned-conversion,22,The software uses a signed primitive and performs a cast to an unsigned primitive, or uses an unsigned primitive and performs a cast to a signed primitive, which can produce an unexpected value. When the result of a function is to be used as a size parameter, using negative return values can have unexpected results. Although less frequent an issue, unsigned-to-signed conversion can be  the precursor to buffer underwrite conditions. Buffer underwrites  occur frequently when large unsigned values are cast to signed values,  and then used as indexes into a buffer or for pointer arithmetic.
/tmp/haruspex_ubiformat/flash_image_00402d40.c,external.semgrep-rules-0xdea.c.raptor-integer-truncation,180,Truncation errors occur when a primitive is cast to a primitive of a  smaller size and data is lost in the conversion. The value cannot be  trusted and the application will be in an undefined state.
/tmp/haruspex_ubiformat/flash_image_00402d40.c,external.semgrep-rules-0xdea.c.raptor-integer-truncation,184,Truncation errors occur when a primitive is cast to a primitive of a  smaller size and data is lost in the conversion. The value cannot be  trusted and the application will be in an undefined state.
/tmp/haruspex_ubiformat/format_00403aac.c,external.semgrep-rules-0xdea.c.raptor-signed-unsigned-conversion,34,The software uses a signed primitive and performs a cast to an unsigned primitive, or uses an unsigned primitive and performs a cast to a signed primitive, which can produce an unexpected value. When the result of a function is to be used as a size parameter, using negative return values can have unexpected results. Although less frequent an issue, unsigned-to-signed conversion can be  the precursor to buffer underwrite conditions. Buffer underwrites  occur frequently when large unsigned values are cast to signed values,  and then used as indexes into a buffer or for pointer arithmetic.
/tmp/haruspex_ubiformat/format_00403aac.c,external.semgrep-rules-0xdea.c.raptor-integer-wraparound,36,The software performs a calculation that can produce an integer overflow or wraparound, when the logic assumes that the resulting value will always be larger than the original value. This can introduce other weaknesses when the calculation is used for resource management or execution control.
/tmp/haruspex_ubiformat/format_00403aac.c,external.semgrep-rules-0xdea.c.raptor-interesting-api-calls,36,Locate all calls to interesting and potentially insecure API functions (candidate points). The auditor can backtrace from these candidate points to find pathways allowing access from untrusted input.
/tmp/haruspex_ubiformat/format_00403aac.c,external.semgrep-rules-0xdea.c.raptor-signed-unsigned-conversion,143,The software uses a signed primitive and performs a cast to an unsigned primitive, or uses an unsigned primitive and performs a cast to a signed primitive, which can produce an unexpected value. When the result of a function is to be used as a size parameter, using negative return values can have unexpected results. Although less frequent an issue, unsigned-to-signed conversion can be  the precursor to buffer underwrite conditions. Buffer underwrites  occur frequently when large unsigned values are cast to signed values,  and then used as indexes into a buffer or for pointer arithmetic.
/tmp/haruspex_ubiformat/legacy_get_dev_info1_0040b460.c,external.semgrep-rules-0xdea.c.raptor-interesting-api-calls,9,Locate all calls to interesting and potentially insecure API functions (candidate points). The auditor can backtrace from these candidate points to find pathways allowing access from untrusted input.
/tmp/haruspex_ubiformat/legacy_get_dev_info_0040acb4.c,external.semgrep-rules-0xdea.c.raptor-signed-unsigned-conversion,46,The software uses a signed primitive and performs a cast to an unsigned primitive, or uses an unsigned primitive and performs a cast to a signed primitive, which can produce an unexpected value. When the result of a function is to be used as a size parameter, using negative return values can have unexpected results. Although less frequent an issue, unsigned-to-signed conversion can be  the precursor to buffer underwrite conditions. Buffer underwrites  occur frequently when large unsigned values are cast to signed values,  and then used as indexes into a buffer or for pointer arithmetic.
/tmp/haruspex_ubiformat/legacy_get_dev_info_0040acb4.c,external.semgrep-rules-0xdea.c.raptor-interesting-api-calls,59,Locate all calls to interesting and potentially insecure API functions (candidate points). The auditor can backtrace from these candidate points to find pathways allowing access from untrusted input.
/tmp/haruspex_ubiformat/legacy_get_dev_info_0040acb4.c,external.semgrep-rules-0xdea.c.raptor-insecure-api-strcpy-stpcpy-strcat,205,A buffer overflow condition exists when a program attempts to put more data in a buffer than it can hold, or when a program attempts to put data in a memory area outside of the boundaries of a buffer.
/tmp/haruspex_ubiformat/legacy_get_dev_info_0040acb4.c,external.semgrep-rules-0xdea.c.raptor-interesting-api-calls,205,Locate all calls to interesting and potentially insecure API functions (candidate points). The auditor can backtrace from these candidate points to find pathways allowing access from untrusted input.
/tmp/haruspex_ubiformat/libmtd_open_00408708.c,external.semgrep-rules-0xdea.c.raptor-interesting-api-calls,11,Locate all calls to interesting and potentially insecure API functions (candidate points). The auditor can backtrace from these candidate points to find pathways allowing access from untrusted input.
/tmp/haruspex_ubiformat/libmtd_open_00408708.c,external.semgrep-rules-0xdea.c.raptor-signed-unsigned-conversion,11,The software uses a signed primitive and performs a cast to an unsigned primitive, or uses an unsigned primitive and performs a cast to a signed primitive, which can produce an unexpected value. When the result of a function is to be used as a size parameter, using negative return values can have unexpected results. Although less frequent an issue, unsigned-to-signed conversion can be  the precursor to buffer underwrite conditions. Buffer underwrites  occur frequently when large unsigned values are cast to signed values,  and then used as indexes into a buffer or for pointer arithmetic.
/tmp/haruspex_ubiformat/libubi_open_0040645c.c,external.semgrep-rules-0xdea.c.raptor-interesting-api-calls,13,Locate all calls to interesting and potentially insecure API functions (candidate points). The auditor can backtrace from these candidate points to find pathways allowing access from untrusted input.
/tmp/haruspex_ubiformat/libubi_open_0040645c.c,external.semgrep-rules-0xdea.c.raptor-signed-unsigned-conversion,13,The software uses a signed primitive and performs a cast to an unsigned primitive, or uses an unsigned primitive and performs a cast to a signed primitive, which can produce an unexpected value. When the result of a function is to be used as a size parameter, using negative return values can have unexpected results. Although less frequent an issue, unsigned-to-signed conversion can be  the precursor to buffer underwrite conditions. Buffer underwrites  occur frequently when large unsigned values are cast to signed values,  and then used as indexes into a buffer or for pointer arithmetic.
/tmp/haruspex_ubiformat/libubi_open_0040645c.c,external.semgrep-rules-0xdea.c.raptor-interesting-api-calls,25,Locate all calls to interesting and potentially insecure API functions (candidate points). The auditor can backtrace from these candidate points to find pathways allowing access from untrusted input.
/tmp/haruspex_ubiformat/main_00401100.c,external.semgrep-rules-0xdea.c.raptor-interesting-api-calls,36,Locate all calls to interesting and potentially insecure API functions (candidate points). The auditor can backtrace from these candidate points to find pathways allowing access from untrusted input.
/tmp/haruspex_ubiformat/main_00401100.c,external.semgrep-rules-0xdea.c.raptor-interesting-api-calls,38,Locate all calls to interesting and potentially insecure API functions (candidate points). The auditor can backtrace from these candidate points to find pathways allowing access from untrusted input.
/tmp/haruspex_ubiformat/main_00401100.c,external.semgrep-rules-0xdea.c.raptor-insecure-api-rand-srand,39,The rand() PRNG should not be used in applications intended to be  portable when good randomness is needed. Instead, the use of random()  is recommended.
/tmp/haruspex_ubiformat/main_00401100.c,external.semgrep-rules-0xdea.c.raptor-interesting-api-calls,39,Locate all calls to interesting and potentially insecure API functions (candidate points). The auditor can backtrace from these candidate points to find pathways allowing access from untrusted input.
/tmp/haruspex_ubiformat/main_00401100.c,external.semgrep-rules-0xdea.c.raptor-interesting-api-calls,47,Locate all calls to interesting and potentially insecure API functions (candidate points). The auditor can backtrace from these candidate points to find pathways allowing access from untrusted input.
/tmp/haruspex_ubiformat/main_00401100.c,external.semgrep-rules-0xdea.c.raptor-interesting-api-calls,232,Locate all calls to interesting and potentially insecure API functions (candidate points). The auditor can backtrace from these candidate points to find pathways allowing access from untrusted input.
/tmp/haruspex_ubiformat/main_00401100.c,external.semgrep-rules-0xdea.c.raptor-interesting-api-calls,257,Locate all calls to interesting and potentially insecure API functions (candidate points). The auditor can backtrace from these candidate points to find pathways allowing access from untrusted input.
/tmp/haruspex_ubiformat/mkpath_00405f40.c,external.semgrep-rules-0xdea.c.raptor-signed-unsigned-conversion,16,The software uses a signed primitive and performs a cast to an unsigned primitive, or uses an unsigned primitive and performs a cast to a signed primitive, which can produce an unexpected value. When the result of a function is to be used as a size parameter, using negative return values can have unexpected results. Although less frequent an issue, unsigned-to-signed conversion can be  the precursor to buffer underwrite conditions. Buffer underwrites  occur frequently when large unsigned values are cast to signed values,  and then used as indexes into a buffer or for pointer arithmetic.
/tmp/haruspex_ubiformat/mkpath_00405f40.c,external.semgrep-rules-0xdea.c.raptor-integer-wraparound,17,The software performs a calculation that can produce an integer overflow or wraparound, when the logic assumes that the resulting value will always be larger than the original value. This can introduce other weaknesses when the calculation is used for resource management or execution control.
/tmp/haruspex_ubiformat/mkpath_00405f40.c,external.semgrep-rules-0xdea.c.raptor-interesting-api-calls,17,Locate all calls to interesting and potentially insecure API functions (candidate points). The auditor can backtrace from these candidate points to find pathways allowing access from untrusted input.
/tmp/haruspex_ubiformat/mkpath_00405f40.c,external.semgrep-rules-0xdea.c.raptor-interesting-api-calls,27,Locate all calls to interesting and potentially insecure API functions (candidate points). The auditor can backtrace from these candidate points to find pathways allowing access from untrusted input.
/tmp/haruspex_ubiformat/mkpath_00405f40.c,external.semgrep-rules-0xdea.c.raptor-signed-unsigned-conversion,30,The software uses a signed primitive and performs a cast to an unsigned primitive, or uses an unsigned primitive and performs a cast to a signed primitive, which can produce an unexpected value. When the result of a function is to be used as a size parameter, using negative return values can have unexpected results. Although less frequent an issue, unsigned-to-signed conversion can be  the precursor to buffer underwrite conditions. Buffer underwrites  occur frequently when large unsigned values are cast to signed values,  and then used as indexes into a buffer or for pointer arithmetic.
/tmp/haruspex_ubiformat/mkpath_00405f40.c,external.semgrep-rules-0xdea.c.raptor-interesting-api-calls,32,Locate all calls to interesting and potentially insecure API functions (candidate points). The auditor can backtrace from these candidate points to find pathways allowing access from untrusted input.
/tmp/haruspex_ubiformat/mkpath_004081e8.c,external.semgrep-rules-0xdea.c.raptor-interesting-api-calls,12,Locate all calls to interesting and potentially insecure API functions (candidate points). The auditor can backtrace from these candidate points to find pathways allowing access from untrusted input.
/tmp/haruspex_ubiformat/mkpath_004081e8.c,external.semgrep-rules-0xdea.c.raptor-interesting-api-calls,13,Locate all calls to interesting and potentially insecure API functions (candidate points). The auditor can backtrace from these candidate points to find pathways allowing access from untrusted input.
/tmp/haruspex_ubiformat/mkpath_004081e8.c,external.semgrep-rules-0xdea.c.raptor-interesting-api-calls,19,Locate all calls to interesting and potentially insecure API functions (candidate points). The auditor can backtrace from these candidate points to find pathways allowing access from untrusted input.
/tmp/haruspex_ubiformat/mtd_dev_present_004089c4.c,external.semgrep-rules-0xdea.c.raptor-signed-unsigned-conversion,15,The software uses a signed primitive and performs a cast to an unsigned primitive, or uses an unsigned primitive and performs a cast to a signed primitive, which can produce an unexpected value. When the result of a function is to be used as a size parameter, using negative return values can have unexpected results. Although less frequent an issue, unsigned-to-signed conversion can be  the precursor to buffer underwrite conditions. Buffer underwrites  occur frequently when large unsigned values are cast to signed values,  and then used as indexes into a buffer or for pointer arithmetic.
/tmp/haruspex_ubiformat/mtd_get_dev_info1_00408b34.c,external.semgrep-rules-0xdea.c.raptor-signed-unsigned-conversion,18,The software uses a signed primitive and performs a cast to an unsigned primitive, or uses an unsigned primitive and performs a cast to a signed primitive, which can produce an unexpected value. When the result of a function is to be used as a size parameter, using negative return values can have unexpected results. Although less frequent an issue, unsigned-to-signed conversion can be  the precursor to buffer underwrite conditions. Buffer underwrites  occur frequently when large unsigned values are cast to signed values,  and then used as indexes into a buffer or for pointer arithmetic.
/tmp/haruspex_ubiformat/mtd_get_info_004082b0.c,external.semgrep-rules-0xdea.c.raptor-insecure-api-scanf-etc,45,A buffer overflow condition exists when a program attempts to put more data in a buffer than it can hold, or when a program attempts to put data in a memory area outside of the boundaries of a buffer.
/tmp/haruspex_ubiformat/mtd_get_info_004082b0.c,external.semgrep-rules-0xdea.c.raptor-interesting-api-calls,45,Locate all calls to interesting and potentially insecure API functions (candidate points). The auditor can backtrace from these candidate points to find pathways allowing access from untrusted input.
/tmp/haruspex_ubiformat/mtd_get_info_00408ab0.c,external.semgrep-rules-0xdea.c.raptor-signed-unsigned-conversion,7,The software uses a signed primitive and performs a cast to an unsigned primitive, or uses an unsigned primitive and performs a cast to a signed primitive, which can produce an unexpected value. When the result of a function is to be used as a size parameter, using negative return values can have unexpected results. Although less frequent an issue, unsigned-to-signed conversion can be  the precursor to buffer underwrite conditions. Buffer underwrites  occur frequently when large unsigned values are cast to signed values,  and then used as indexes into a buffer or for pointer arithmetic.
/tmp/haruspex_ubiformat/mtd_read_004096f0.c,external.semgrep-rules-0xdea.c.raptor-interesting-api-calls,31,Locate all calls to interesting and potentially insecure API functions (candidate points). The auditor can backtrace from these candidate points to find pathways allowing access from untrusted input.
/tmp/haruspex_ubiformat/mtd_read_004096f0.c,external.semgrep-rules-0xdea.c.raptor-signed-unsigned-conversion,31,The software uses a signed primitive and performs a cast to an unsigned primitive, or uses an unsigned primitive and performs a cast to a signed primitive, which can produce an unexpected value. When the result of a function is to be used as a size parameter, using negative return values can have unexpected results. Although less frequent an issue, unsigned-to-signed conversion can be  the precursor to buffer underwrite conditions. Buffer underwrites  occur frequently when large unsigned values are cast to signed values,  and then used as indexes into a buffer or for pointer arithmetic.
/tmp/haruspex_ubiformat/mtd_torture_0040a460.c,external.semgrep-rules-0xdea.c.raptor-interesting-api-calls,15,Locate all calls to interesting and potentially insecure API functions (candidate points). The auditor can backtrace from these candidate points to find pathways allowing access from untrusted input.
/tmp/haruspex_ubiformat/mtd_torture_0040a460.c,external.semgrep-rules-0xdea.c.raptor-interesting-api-calls,19,Locate all calls to interesting and potentially insecure API functions (candidate points). The auditor can backtrace from these candidate points to find pathways allowing access from untrusted input.
/tmp/haruspex_ubiformat/mtd_torture_0040a460.c,external.semgrep-rules-0xdea.c.raptor-interesting-api-calls,28,Locate all calls to interesting and potentially insecure API functions (candidate points). The auditor can backtrace from these candidate points to find pathways allowing access from untrusted input.
/tmp/haruspex_ubiformat/mtd_torture_0040a460.c,external.semgrep-rules-0xdea.c.raptor-signed-unsigned-conversion,51,The software uses a signed primitive and performs a cast to an unsigned primitive, or uses an unsigned primitive and performs a cast to a signed primitive, which can produce an unexpected value. When the result of a function is to be used as a size parameter, using negative return values can have unexpected results. Although less frequent an issue, unsigned-to-signed conversion can be  the precursor to buffer underwrite conditions. Buffer underwrites  occur frequently when large unsigned values are cast to signed values,  and then used as indexes into a buffer or for pointer arithmetic.
/tmp/haruspex_ubiformat/mtd_torture_0040a460.c,external.semgrep-rules-0xdea.c.raptor-signed-unsigned-conversion,53,The software uses a signed primitive and performs a cast to an unsigned primitive, or uses an unsigned primitive and performs a cast to a signed primitive, which can produce an unexpected value. When the result of a function is to be used as a size parameter, using negative return values can have unexpected results. Although less frequent an issue, unsigned-to-signed conversion can be  the precursor to buffer underwrite conditions. Buffer underwrites  occur frequently when large unsigned values are cast to signed values,  and then used as indexes into a buffer or for pointer arithmetic.
/tmp/haruspex_ubiformat/mtd_write_00409e48.c,external.semgrep-rules-0xdea.c.raptor-unchecked-ret-malloc-calloc-realloc,85,The software does not check the return value from a method or function, which can prevent it from detecting unexpected states and conditions.
/tmp/haruspex_ubiformat/mtd_write_00409e48.c,external.semgrep-rules-0xdea.c.raptor-interesting-api-calls,85,Locate all calls to interesting and potentially insecure API functions (candidate points). The auditor can backtrace from these candidate points to find pathways allowing access from untrusted input.
/tmp/haruspex_ubiformat/mtd_write_00409e48.c,external.semgrep-rules-0xdea.c.raptor-signed-unsigned-conversion,85,The software uses a signed primitive and performs a cast to an unsigned primitive, or uses an unsigned primitive and performs a cast to a signed primitive, which can produce an unexpected value. When the result of a function is to be used as a size parameter, using negative return values can have unexpected results. Although less frequent an issue, unsigned-to-signed conversion can be  the precursor to buffer underwrite conditions. Buffer underwrites  occur frequently when large unsigned values are cast to signed values,  and then used as indexes into a buffer or for pointer arithmetic.
/tmp/haruspex_ubiformat/mtd_write_00409e48.c,external.semgrep-rules-0xdea.c.raptor-interesting-api-calls,86,Locate all calls to interesting and potentially insecure API functions (candidate points). The auditor can backtrace from these candidate points to find pathways allowing access from untrusted input.
/tmp/haruspex_ubiformat/mtd_write_00409e48.c,external.semgrep-rules-0xdea.c.raptor-signed-unsigned-conversion,86,The software uses a signed primitive and performs a cast to an unsigned primitive, or uses an unsigned primitive and performs a cast to a signed primitive, which can produce an unexpected value. When the result of a function is to be used as a size parameter, using negative return values can have unexpected results. Although less frequent an issue, unsigned-to-signed conversion can be  the precursor to buffer underwrite conditions. Buffer underwrites  occur frequently when large unsigned values are cast to signed values,  and then used as indexes into a buffer or for pointer arithmetic.
/tmp/haruspex_ubiformat/mtd_write_00409e48.c,external.semgrep-rules-0xdea.c.raptor-interesting-api-calls,95,Locate all calls to interesting and potentially insecure API functions (candidate points). The auditor can backtrace from these candidate points to find pathways allowing access from untrusted input.
/tmp/haruspex_ubiformat/mtd_write_00409e48.c,external.semgrep-rules-0xdea.c.raptor-interesting-api-calls,104,Locate all calls to interesting and potentially insecure API functions (candidate points). The auditor can backtrace from these candidate points to find pathways allowing access from untrusted input.
/tmp/haruspex_ubiformat/proc_parse_next_0040a99c.c,external.semgrep-rules-0xdea.c.raptor-interesting-api-calls,17,Locate all calls to interesting and potentially insecure API functions (candidate points). The auditor can backtrace from these candidate points to find pathways allowing access from untrusted input.
/tmp/haruspex_ubiformat/proc_parse_next_0040a99c.c,external.semgrep-rules-0xdea.c.raptor-signed-unsigned-conversion,31,The software uses a signed primitive and performs a cast to an unsigned primitive, or uses an unsigned primitive and performs a cast to a signed primitive, which can produce an unexpected value. When the result of a function is to be used as a size parameter, using negative return values can have unexpected results. Although less frequent an issue, unsigned-to-signed conversion can be  the precursor to buffer underwrite conditions. Buffer underwrites  occur frequently when large unsigned values are cast to signed values,  and then used as indexes into a buffer or for pointer arithmetic.
/tmp/haruspex_ubiformat/proc_parse_next_0040a99c.c,external.semgrep-rules-0xdea.c.raptor-interesting-api-calls,39,Locate all calls to interesting and potentially insecure API functions (candidate points). The auditor can backtrace from these candidate points to find pathways allowing access from untrusted input.
/tmp/haruspex_ubiformat/proc_parse_start_0040a71c.c,external.semgrep-rules-0xdea.c.raptor-interesting-api-calls,12,Locate all calls to interesting and potentially insecure API functions (candidate points). The auditor can backtrace from these candidate points to find pathways allowing access from untrusted input.
/tmp/haruspex_ubiformat/proc_parse_start_0040a71c.c,external.semgrep-rules-0xdea.c.raptor-interesting-api-calls,14,Locate all calls to interesting and potentially insecure API functions (candidate points). The auditor can backtrace from these candidate points to find pathways allowing access from untrusted input.
/tmp/haruspex_ubiformat/proc_parse_start_0040a71c.c,external.semgrep-rules-0xdea.c.raptor-signed-unsigned-conversion,14,The software uses a signed primitive and performs a cast to an unsigned primitive, or uses an unsigned primitive and performs a cast to a signed primitive, which can produce an unexpected value. When the result of a function is to be used as a size parameter, using negative return values can have unexpected results. Although less frequent an issue, unsigned-to-signed conversion can be  the precursor to buffer underwrite conditions. Buffer underwrites  occur frequently when large unsigned values are cast to signed values,  and then used as indexes into a buffer or for pointer arithmetic.
/tmp/haruspex_ubiformat/proc_parse_start_0040a71c.c,external.semgrep-rules-0xdea.c.raptor-interesting-api-calls,26,Locate all calls to interesting and potentially insecure API functions (candidate points). The auditor can backtrace from these candidate points to find pathways allowing access from untrusted input.
/tmp/haruspex_ubiformat/proc_parse_start_0040a71c.c,external.semgrep-rules-0xdea.c.raptor-signed-unsigned-conversion,26,The software uses a signed primitive and performs a cast to an unsigned primitive, or uses an unsigned primitive and performs a cast to a signed primitive, which can produce an unexpected value. When the result of a function is to be used as a size parameter, using negative return values can have unexpected results. Although less frequent an issue, unsigned-to-signed conversion can be  the precursor to buffer underwrite conditions. Buffer underwrites  occur frequently when large unsigned values are cast to signed values,  and then used as indexes into a buffer or for pointer arithmetic.
/tmp/haruspex_ubiformat/read_data_00405884.c,external.semgrep-rules-0xdea.c.raptor-interesting-api-calls,14,Locate all calls to interesting and potentially insecure API functions (candidate points). The auditor can backtrace from these candidate points to find pathways allowing access from untrusted input.
/tmp/haruspex_ubiformat/read_data_00405884.c,external.semgrep-rules-0xdea.c.raptor-interesting-api-calls,18,Locate all calls to interesting and potentially insecure API functions (candidate points). The auditor can backtrace from these candidate points to find pathways allowing access from untrusted input.
/tmp/haruspex_ubiformat/read_data_00405884.c,external.semgrep-rules-0xdea.c.raptor-signed-unsigned-conversion,18,The software uses a signed primitive and performs a cast to an unsigned primitive, or uses an unsigned primitive and performs a cast to a signed primitive, which can produce an unexpected value. When the result of a function is to be used as a size parameter, using negative return values can have unexpected results. Although less frequent an issue, unsigned-to-signed conversion can be  the precursor to buffer underwrite conditions. Buffer underwrites  occur frequently when large unsigned values are cast to signed values,  and then used as indexes into a buffer or for pointer arithmetic.
/tmp/haruspex_ubiformat/read_data_00405884.c,external.semgrep-rules-0xdea.c.raptor-interesting-api-calls,34,Locate all calls to interesting and potentially insecure API functions (candidate points). The auditor can backtrace from these candidate points to find pathways allowing access from untrusted input.
/tmp/haruspex_ubiformat/read_data_00405884.c,external.semgrep-rules-0xdea.c.raptor-signed-unsigned-conversion,34,The software uses a signed primitive and performs a cast to an unsigned primitive, or uses an unsigned primitive and performs a cast to a signed primitive, which can produce an unexpected value. When the result of a function is to be used as a size parameter, using negative return values can have unexpected results. Although less frequent an issue, unsigned-to-signed conversion can be  the precursor to buffer underwrite conditions. Buffer underwrites  occur frequently when large unsigned values are cast to signed values,  and then used as indexes into a buffer or for pointer arithmetic.
/tmp/haruspex_ubiformat/read_data_0040704c.c,external.semgrep-rules-0xdea.c.raptor-interesting-api-calls,14,Locate all calls to interesting and potentially insecure API functions (candidate points). The auditor can backtrace from these candidate points to find pathways allowing access from untrusted input.
/tmp/haruspex_ubiformat/read_data_0040704c.c,external.semgrep-rules-0xdea.c.raptor-interesting-api-calls,18,Locate all calls to interesting and potentially insecure API functions (candidate points). The auditor can backtrace from these candidate points to find pathways allowing access from untrusted input.
/tmp/haruspex_ubiformat/read_data_0040704c.c,external.semgrep-rules-0xdea.c.raptor-signed-unsigned-conversion,18,The software uses a signed primitive and performs a cast to an unsigned primitive, or uses an unsigned primitive and performs a cast to a signed primitive, which can produce an unexpected value. When the result of a function is to be used as a size parameter, using negative return values can have unexpected results. Although less frequent an issue, unsigned-to-signed conversion can be  the precursor to buffer underwrite conditions. Buffer underwrites  occur frequently when large unsigned values are cast to signed values,  and then used as indexes into a buffer or for pointer arithmetic.
/tmp/haruspex_ubiformat/read_data_0040704c.c,external.semgrep-rules-0xdea.c.raptor-interesting-api-calls,34,Locate all calls to interesting and potentially insecure API functions (candidate points). The auditor can backtrace from these candidate points to find pathways allowing access from untrusted input.
/tmp/haruspex_ubiformat/read_data_0040704c.c,external.semgrep-rules-0xdea.c.raptor-signed-unsigned-conversion,34,The software uses a signed primitive and performs a cast to an unsigned primitive, or uses an unsigned primitive and performs a cast to a signed primitive, which can produce an unexpected value. When the result of a function is to be used as a size parameter, using negative return values can have unexpected results. Although less frequent an issue, unsigned-to-signed conversion can be  the precursor to buffer underwrite conditions. Buffer underwrites  occur frequently when large unsigned values are cast to signed values,  and then used as indexes into a buffer or for pointer arithmetic.
/tmp/haruspex_ubiformat/read_major_004060a8.c,external.semgrep-rules-0xdea.c.raptor-interesting-api-calls,12,Locate all calls to interesting and potentially insecure API functions (candidate points). The auditor can backtrace from these candidate points to find pathways allowing access from untrusted input.
/tmp/haruspex_ubiformat/read_pos_ll_00407524.c,external.semgrep-rules-0xdea.c.raptor-interesting-api-calls,13,Locate all calls to interesting and potentially insecure API functions (candidate points). The auditor can backtrace from these candidate points to find pathways allowing access from untrusted input.
/tmp/haruspex_ubiformat/read_pos_ll_00407524.c,external.semgrep-rules-0xdea.c.raptor-interesting-api-calls,15,Locate all calls to interesting and potentially insecure API functions (candidate points). The auditor can backtrace from these candidate points to find pathways allowing access from untrusted input.
/tmp/haruspex_ubiformat/read_pos_ll_00407524.c,external.semgrep-rules-0xdea.c.raptor-signed-unsigned-conversion,15,The software uses a signed primitive and performs a cast to an unsigned primitive, or uses an unsigned primitive and performs a cast to a signed primitive, which can produce an unexpected value. When the result of a function is to be used as a size parameter, using negative return values can have unexpected results. Although less frequent an issue, unsigned-to-signed conversion can be  the precursor to buffer underwrite conditions. Buffer underwrites  occur frequently when large unsigned values are cast to signed values,  and then used as indexes into a buffer or for pointer arithmetic.
/tmp/haruspex_ubiformat/read_pos_ll_00407524.c,external.semgrep-rules-0xdea.c.raptor-interesting-api-calls,29,Locate all calls to interesting and potentially insecure API functions (candidate points). The auditor can backtrace from these candidate points to find pathways allowing access from untrusted input.
/tmp/haruspex_ubiformat/read_positive_ll_00405b14.c,external.semgrep-rules-0xdea.c.raptor-interesting-api-calls,13,Locate all calls to interesting and potentially insecure API functions (candidate points). The auditor can backtrace from these candidate points to find pathways allowing access from untrusted input.
/tmp/haruspex_ubiformat/read_positive_ll_00405b14.c,external.semgrep-rules-0xdea.c.raptor-interesting-api-calls,15,Locate all calls to interesting and potentially insecure API functions (candidate points). The auditor can backtrace from these candidate points to find pathways allowing access from untrusted input.
/tmp/haruspex_ubiformat/read_positive_ll_00405b14.c,external.semgrep-rules-0xdea.c.raptor-signed-unsigned-conversion,15,The software uses a signed primitive and performs a cast to an unsigned primitive, or uses an unsigned primitive and performs a cast to a signed primitive, which can produce an unexpected value. When the result of a function is to be used as a size parameter, using negative return values can have unexpected results. Although less frequent an issue, unsigned-to-signed conversion can be  the precursor to buffer underwrite conditions. Buffer underwrites  occur frequently when large unsigned values are cast to signed values,  and then used as indexes into a buffer or for pointer arithmetic.
/tmp/haruspex_ubiformat/read_positive_ll_00405b14.c,external.semgrep-rules-0xdea.c.raptor-interesting-api-calls,30,Locate all calls to interesting and potentially insecure API functions (candidate points). The auditor can backtrace from these candidate points to find pathways allowing access from untrusted input.
/tmp/haruspex_ubiformat/sysfs_is_supported_00407d20.c,external.semgrep-rules-0xdea.c.raptor-signed-unsigned-conversion,27,The software uses a signed primitive and performs a cast to an unsigned primitive, or uses an unsigned primitive and performs a cast to a signed primitive, which can produce an unexpected value. When the result of a function is to be used as a size parameter, using negative return values can have unexpected results. Although less frequent an issue, unsigned-to-signed conversion can be  the precursor to buffer underwrite conditions. Buffer underwrites  occur frequently when large unsigned values are cast to signed values,  and then used as indexes into a buffer or for pointer arithmetic.
/tmp/haruspex_ubiformat/ubi_get_info_0040681c.c,external.semgrep-rules-0xdea.c.raptor-signed-unsigned-conversion,15,The software uses a signed primitive and performs a cast to an unsigned primitive, or uses an unsigned primitive and performs a cast to a signed primitive, which can produce an unexpected value. When the result of a function is to be used as a size parameter, using negative return values can have unexpected results. Although less frequent an issue, unsigned-to-signed conversion can be  the precursor to buffer underwrite conditions. Buffer underwrites  occur frequently when large unsigned values are cast to signed values,  and then used as indexes into a buffer or for pointer arithmetic.
/tmp/haruspex_ubiformat/ubi_get_info_0040681c.c,external.semgrep-rules-0xdea.c.raptor-insecure-api-scanf-etc,38,A buffer overflow condition exists when a program attempts to put more data in a buffer than it can hold, or when a program attempts to put data in a memory area outside of the boundaries of a buffer.
/tmp/haruspex_ubiformat/ubi_get_info_0040681c.c,external.semgrep-rules-0xdea.c.raptor-interesting-api-calls,38,Locate all calls to interesting and potentially insecure API functions (candidate points). The auditor can backtrace from these candidate points to find pathways allowing access from untrusted input.
/tmp/haruspex_ubiformat/ubi_scan_00404dc8.c,external.semgrep-rules-0xdea.c.raptor-interesting-api-calls,32,Locate all calls to interesting and potentially insecure API functions (candidate points). The auditor can backtrace from these candidate points to find pathways allowing access from untrusted input.
/tmp/haruspex_ubiformat/ubi_scan_00404dc8.c,external.semgrep-rules-0xdea.c.raptor-signed-unsigned-conversion,32,The software uses a signed primitive and performs a cast to an unsigned primitive, or uses an unsigned primitive and performs a cast to a signed primitive, which can produce an unexpected value. When the result of a function is to be used as a size parameter, using negative return values can have unexpected results. Although less frequent an issue, unsigned-to-signed conversion can be  the precursor to buffer underwrite conditions. Buffer underwrites  occur frequently when large unsigned values are cast to signed values,  and then used as indexes into a buffer or for pointer arithmetic.
/tmp/haruspex_ubiformat/ubi_scan_00404dc8.c,external.semgrep-rules-0xdea.c.raptor-interesting-api-calls,44,Locate all calls to interesting and potentially insecure API functions (candidate points). The auditor can backtrace from these candidate points to find pathways allowing access from untrusted input.
/tmp/haruspex_ubiformat/ubi_scan_00404dc8.c,external.semgrep-rules-0xdea.c.raptor-signed-unsigned-conversion,44,The software uses a signed primitive and performs a cast to an unsigned primitive, or uses an unsigned primitive and performs a cast to a signed primitive, which can produce an unexpected value. When the result of a function is to be used as a size parameter, using negative return values can have unexpected results. Although less frequent an issue, unsigned-to-signed conversion can be  the precursor to buffer underwrite conditions. Buffer underwrites  occur frequently when large unsigned values are cast to signed values,  and then used as indexes into a buffer or for pointer arithmetic.
/tmp/haruspex_ubiformat/ubi_scan_00404dc8.c,external.semgrep-rules-0xdea.c.raptor-interesting-api-calls,93,Locate all calls to interesting and potentially insecure API functions (candidate points). The auditor can backtrace from these candidate points to find pathways allowing access from untrusted input.
/tmp/haruspex_ubiformat/ubigen_create_empty_vtbl_00404454.c,external.semgrep-rules-0xdea.c.raptor-interesting-api-calls,16,Locate all calls to interesting and potentially insecure API functions (candidate points). The auditor can backtrace from these candidate points to find pathways allowing access from untrusted input.
/tmp/haruspex_ubiformat/ubigen_create_empty_vtbl_00404454.c,external.semgrep-rules-0xdea.c.raptor-signed-unsigned-conversion,16,The software uses a signed primitive and performs a cast to an unsigned primitive, or uses an unsigned primitive and performs a cast to a signed primitive, which can produce an unexpected value. When the result of a function is to be used as a size parameter, using negative return values can have unexpected results. Although less frequent an issue, unsigned-to-signed conversion can be  the precursor to buffer underwrite conditions. Buffer underwrites  occur frequently when large unsigned values are cast to signed values,  and then used as indexes into a buffer or for pointer arithmetic.
/tmp/haruspex_ubiformat/ubigen_init_ec_hdr_004045b4.c,external.semgrep-rules-0xdea.c.raptor-signed-unsigned-conversion,10,The software uses a signed primitive and performs a cast to an unsigned primitive, or uses an unsigned primitive and performs a cast to a signed primitive, which can produce an unexpected value. When the result of a function is to be used as a size parameter, using negative return values can have unexpected results. Although less frequent an issue, unsigned-to-signed conversion can be  the precursor to buffer underwrite conditions. Buffer underwrites  occur frequently when large unsigned values are cast to signed values,  and then used as indexes into a buffer or for pointer arithmetic.
/tmp/haruspex_ubiformat/ubigen_init_vid_hdr_0040476c.c,external.semgrep-rules-0xdea.c.raptor-signed-unsigned-conversion,10,The software uses a signed primitive and performs a cast to an unsigned primitive, or uses an unsigned primitive and performs a cast to a signed primitive, which can produce an unexpected value. When the result of a function is to be used as a size parameter, using negative return values can have unexpected results. Although less frequent an issue, unsigned-to-signed conversion can be  the precursor to buffer underwrite conditions. Buffer underwrites  occur frequently when large unsigned values are cast to signed values,  and then used as indexes into a buffer or for pointer arithmetic.
/tmp/haruspex_ubiformat/ubigen_write_layout_vol_0040498c.c,external.semgrep-rules-0xdea.c.raptor-interesting-api-calls,35,Locate all calls to interesting and potentially insecure API functions (candidate points). The auditor can backtrace from these candidate points to find pathways allowing access from untrusted input.
/tmp/haruspex_ubiformat/ubigen_write_layout_vol_0040498c.c,external.semgrep-rules-0xdea.c.raptor-interesting-api-calls,47,Locate all calls to interesting and potentially insecure API functions (candidate points). The auditor can backtrace from these candidate points to find pathways allowing access from untrusted input.
/tmp/haruspex_ubiformat/ubiutils_get_bytes_00406c2c.c,external.semgrep-rules-0xdea.c.raptor-integer-truncation,23,Truncation errors occur when a primitive is cast to a primitive of a  smaller size and data is lost in the conversion. The value cannot be  trusted and the application will be in an undefined state.
/tmp/haruspex_ubiformat/ubiutils_srand_00406fa4.c,external.semgrep-rules-0xdea.c.raptor-insecure-api-rand-srand,15,The rand() PRNG should not be used in applications intended to be  portable when good randomness is needed. Instead, the use of random()  is recommended.
/tmp/haruspex_ubiformat/ubiutils_srand_00406fa4.c,external.semgrep-rules-0xdea.c.raptor-interesting-api-calls,15,Locate all calls to interesting and potentially insecure API functions (candidate points). The auditor can backtrace from these candidate points to find pathways allowing access from untrusted input.
/tmp/haruspex_ubiformat/xmalloc_00408108.c,external.semgrep-rules-0xdea.c.raptor-interesting-api-calls,11,Locate all calls to interesting and potentially insecure API functions (candidate points). The auditor can backtrace from these candidate points to find pathways allowing access from untrusted input.
