Packaging system;package file;package;version;
OpenWRT;/logs/firmware/patool_extraction/M4_4.0_en_1.1.2_Build_20231227_Rel.84005/M4_4.0_en_1.1.2_Build_20231227_Rel.84005.bin_unblob_extracted/M4_4.0_en_1.1.2_Build_20231227_Rel.84005.bin_extract/1984826-13396282.squashfs_v4_le_extract/usr/lib/opkg/info/terminfo.control;terminfo;5.7-5;5.7-5;
OpenWRT;/logs/firmware/patool_extraction/M4_4.0_en_1.1.2_Build_20231227_Rel.84005/M4_4.0_en_1.1.2_Build_20231227_Rel.84005.bin_unblob_extracted/M4_4.0_en_1.1.2_Build_20231227_Rel.84005.bin_extract/1984826-13396282.squashfs_v4_le_extract/usr/lib/opkg/info/libnetfilter-queue.control;libnetfilter-queue;1.0.2-1;1.0.2-1;
OpenWRT;/logs/firmware/patool_extraction/M4_4.0_en_1.1.2_Build_20231227_Rel.84005/M4_4.0_en_1.1.2_Build_20231227_Rel.84005.bin_unblob_extracted/M4_4.0_en_1.1.2_Build_20231227_Rel.84005.bin_extract/1984826-13396282.squashfs_v4_le_extract/usr/lib/opkg/info/radvd.control;radvd;1.7-1;1.7-1;
OpenWRT;/logs/firmware/patool_extraction/M4_4.0_en_1.1.2_Build_20231227_Rel.84005/M4_4.0_en_1.1.2_Build_20231227_Rel.84005.bin_unblob_extracted/M4_4.0_en_1.1.2_Build_20231227_Rel.84005.bin_extract/1984826-13396282.squashfs_v4_le_extract/usr/lib/opkg/info/tc.control;tc;3.15.0-1;3.15.0-1;
OpenWRT;/logs/firmware/patool_extraction/M4_4.0_en_1.1.2_Build_20231227_Rel.84005/M4_4.0_en_1.1.2_Build_20231227_Rel.84005.bin_unblob_extracted/M4_4.0_en_1.1.2_Build_20231227_Rel.84005.bin_extract/1984826-13396282.squashfs_v4_le_extract/usr/lib/opkg/info/sysstat.control;sysstat;10.1.7-1;10.1.7-1;
OpenWRT;/logs/firmware/patool_extraction/M4_4.0_en_1.1.2_Build_20231227_Rel.84005/M4_4.0_en_1.1.2_Build_20231227_Rel.84005.bin_unblob_extracted/M4_4.0_en_1.1.2_Build_20231227_Rel.84005.bin_extract/1984826-13396282.squashfs_v4_le_extract/usr/lib/opkg/info/liblua.control;liblua;5.1.5-1;5.1.5-1;
OpenWRT;/logs/firmware/patool_extraction/M4_4.0_en_1.1.2_Build_20231227_Rel.84005/M4_4.0_en_1.1.2_Build_20231227_Rel.84005.bin_unblob_extracted/M4_4.0_en_1.1.2_Build_20231227_Rel.84005.bin_extract/1984826-13396282.squashfs_v4_le_extract/usr/lib/opkg/info/ip6tables-mod-nat.control;ip6tables-mod-nat;1.4.21-1;1.4.21-1;
OpenWRT;/logs/firmware/patool_extraction/M4_4.0_en_1.1.2_Build_20231227_Rel.84005/M4_4.0_en_1.1.2_Build_20231227_Rel.84005.bin_unblob_extracted/M4_4.0_en_1.1.2_Build_20231227_Rel.84005.bin_extract/1984826-13396282.squashfs_v4_le_extract/usr/lib/opkg/info/iptables-mod-ipopt.control;iptables-mod-ipopt;1.4.21-1;1.4.21-1;
OpenWRT;/logs/firmware/patool_extraction/M4_4.0_en_1.1.2_Build_20231227_Rel.84005/M4_4.0_en_1.1.2_Build_20231227_Rel.84005.bin_unblob_extracted/M4_4.0_en_1.1.2_Build_20231227_Rel.84005.bin_extract/1984826-13396282.squashfs_v4_le_extract/usr/lib/opkg/info/kmod-ipt-CHECKPORTS.control;kmod-ipt-CHECKPORTS;+2.10-3.1;+2.10-3.1;
OpenWRT;/logs/firmware/patool_extraction/M4_4.0_en_1.1.2_Build_20231227_Rel.84005/M4_4.0_en_1.1.2_Build_20231227_Rel.84005.bin_unblob_extracted/M4_4.0_en_1.1.2_Build_20231227_Rel.84005.bin_extract/1984826-13396282.squashfs_v4_le_extract/usr/lib/opkg/info/jshn.control;jshn;2015-11-08-10429bccd0dc5d204635e110a7a8fae7b80d16cb;2015-11-08-10429bccd0dc5d204635e110a7a8fae7b80d16cb;
OpenWRT;/logs/firmware/patool_extraction/M4_4.0_en_1.1.2_Build_20231227_Rel.84005/M4_4.0_en_1.1.2_Build_20231227_Rel.84005.bin_unblob_extracted/M4_4.0_en_1.1.2_Build_20231227_Rel.84005.bin_extract/1984826-13396282.squashfs_v4_le_extract/usr/lib/opkg/info/6rd.control;6rd;2-1;2-1;
OpenWRT;/logs/firmware/patool_extraction/M4_4.0_en_1.1.2_Build_20231227_Rel.84005/M4_4.0_en_1.1.2_Build_20231227_Rel.84005.bin_unblob_extracted/M4_4.0_en_1.1.2_Build_20231227_Rel.84005.bin_extract/1984826-13396282.squashfs_v4_le_extract/usr/lib/opkg/info/kmod-crypto-sha1.control;kmod-crypto-sha1;-;-;
OpenWRT;/logs/firmware/patool_extraction/M4_4.0_en_1.1.2_Build_20231227_Rel.84005/M4_4.0_en_1.1.2_Build_20231227_Rel.84005.bin_unblob_extracted/M4_4.0_en_1.1.2_Build_20231227_Rel.84005.bin_extract/1984826-13396282.squashfs_v4_le_extract/usr/lib/opkg/info/qca-hyctl.control;qca-hyctl;g56eeb2b-1;g56eeb2b-1;
OpenWRT;/logs/firmware/patool_extraction/M4_4.0_en_1.1.2_Build_20231227_Rel.84005/M4_4.0_en_1.1.2_Build_20231227_Rel.84005.bin_unblob_extracted/M4_4.0_en_1.1.2_Build_20231227_Rel.84005.bin_extract/1984826-13396282.squashfs_v4_le_extract/usr/lib/opkg/info/base-files.control;base-files;157.2-unknown;157.2-unknown;
OpenWRT;/logs/firmware/patool_extraction/M4_4.0_en_1.1.2_Build_20231227_Rel.84005/M4_4.0_en_1.1.2_Build_20231227_Rel.84005.bin_unblob_extracted/M4_4.0_en_1.1.2_Build_20231227_Rel.84005.bin_extract/1984826-13396282.squashfs_v4_le_extract/usr/lib/opkg/info/kmod-ipt-V6PORTS.control;kmod-ipt-V6PORTS;+2.10-3.1;+2.10-3.1;
OpenWRT;/logs/firmware/patool_extraction/M4_4.0_en_1.1.2_Build_20231227_Rel.84005/M4_4.0_en_1.1.2_Build_20231227_Rel.84005.bin_unblob_extracted/M4_4.0_en_1.1.2_Build_20231227_Rel.84005.bin_extract/1984826-13396282.squashfs_v4_le_extract/usr/lib/opkg/info/kmod-bridge.control;kmod-bridge;-;-;
OpenWRT;/logs/firmware/patool_extraction/M4_4.0_en_1.1.2_Build_20231227_Rel.84005/M4_4.0_en_1.1.2_Build_20231227_Rel.84005.bin_unblob_extracted/M4_4.0_en_1.1.2_Build_20231227_Rel.84005.bin_extract/1984826-13396282.squashfs_v4_le_extract/usr/lib/opkg/info/libtmpv2.control;libtmpv2;2.0-1;2.0-1;
OpenWRT;/logs/firmware/patool_extraction/M4_4.0_en_1.1.2_Build_20231227_Rel.84005/M4_4.0_en_1.1.2_Build_20231227_Rel.84005.bin_unblob_extracted/M4_4.0_en_1.1.2_Build_20231227_Rel.84005.bin_extract/1984826-13396282.squashfs_v4_le_extract/usr/lib/opkg/info/kmod-ipv6-pass-through.control;kmod-ipv6-pass-through;+1.0-;+1.0-;
OpenWRT;/logs/firmware/patool_extraction/M4_4.0_en_1.1.2_Build_20231227_Rel.84005/M4_4.0_en_1.1.2_Build_20231227_Rel.84005.bin_unblob_extracted/M4_4.0_en_1.1.2_Build_20231227_Rel.84005.bin_extract/1984826-13396282.squashfs_v4_le_extract/usr/lib/opkg/info/sysmode.control;sysmode;1.0;1.0;
OpenWRT;/logs/firmware/patool_extraction/M4_4.0_en_1.1.2_Build_20231227_Rel.84005/M4_4.0_en_1.1.2_Build_20231227_Rel.84005.bin_unblob_extracted/M4_4.0_en_1.1.2_Build_20231227_Rel.84005.bin_extract/1984826-13396282.squashfs_v4_le_extract/usr/lib/opkg/info/qca-libhyfi-bridge.control;qca-libhyfi-bridge;g4f6d8be-1;g4f6d8be-1;
OpenWRT;/logs/firmware/patool_extraction/M4_4.0_en_1.1.2_Build_20231227_Rel.84005/M4_4.0_en_1.1.2_Build_20231227_Rel.84005.bin_unblob_extracted/M4_4.0_en_1.1.2_Build_20231227_Rel.84005.bin_extract/1984826-13396282.squashfs_v4_le_extract/usr/lib/opkg/info/libubus-lua.control;libubus-lua;2015-05-25-f361bfa5fcb2daadf3b160583ce665024f8d108e;2015-05-25-f361bfa5fcb2daadf3b160583ce665024f8d108e;
OpenWRT;/logs/firmware/patool_extraction/M4_4.0_en_1.1.2_Build_20231227_Rel.84005/M4_4.0_en_1.1.2_Build_20231227_Rel.84005.bin_unblob_extracted/M4_4.0_en_1.1.2_Build_20231227_Rel.84005.bin_extract/1984826-13396282.squashfs_v4_le_extract/usr/lib/opkg/info/lua.control;lua;5.1.5-1;5.1.5-1;
OpenWRT;/logs/firmware/patool_extraction/M4_4.0_en_1.1.2_Build_20231227_Rel.84005/M4_4.0_en_1.1.2_Build_20231227_Rel.84005.bin_unblob_extracted/M4_4.0_en_1.1.2_Build_20231227_Rel.84005.bin_extract/1984826-13396282.squashfs_v4_le_extract/usr/lib/opkg/info/improxy.control;improxy;1.0-1;1.0-1;
OpenWRT;/logs/firmware/patool_extraction/M4_4.0_en_1.1.2_Build_20231227_Rel.84005/M4_4.0_en_1.1.2_Build_20231227_Rel.84005.bin_unblob_extracted/M4_4.0_en_1.1.2_Build_20231227_Rel.84005.bin_extract/1984826-13396282.squashfs_v4_le_extract/usr/lib/opkg/info/libubox.control;libubox;2015-11-08-10429bccd0dc5d204635e110a7a8fae7b80d16cb;2015-11-08-10429bccd0dc5d204635e110a7a8fae7b80d16cb;
OpenWRT;/logs/firmware/patool_extraction/M4_4.0_en_1.1.2_Build_20231227_Rel.84005/M4_4.0_en_1.1.2_Build_20231227_Rel.84005.bin_unblob_extracted/M4_4.0_en_1.1.2_Build_20231227_Rel.84005.bin_extract/1984826-13396282.squashfs_v4_le_extract/usr/lib/opkg/info/kmod-nls-base.control;kmod-nls-base;-;-;
OpenWRT;/logs/firmware/patool_extraction/M4_4.0_en_1.1.2_Build_20231227_Rel.84005/M4_4.0_en_1.1.2_Build_20231227_Rel.84005.bin_unblob_extracted/M4_4.0_en_1.1.2_Build_20231227_Rel.84005.bin_extract/1984826-13396282.squashfs_v4_le_extract/usr/lib/opkg/info/kmod-ipt-pctl.control;kmod-ipt-pctl;+2.10-3.1;+2.10-3.1;
OpenWRT;/logs/firmware/patool_extraction/M4_4.0_en_1.1.2_Build_20231227_Rel.84005/M4_4.0_en_1.1.2_Build_20231227_Rel.84005.bin_unblob_extracted/M4_4.0_en_1.1.2_Build_20231227_Rel.84005.bin_extract/1984826-13396282.squashfs_v4_le_extract/usr/lib/opkg/info/luaaes.control;luaaes;1;1;
OpenWRT;/logs/firmware/patool_extraction/M4_4.0_en_1.1.2_Build_20231227_Rel.84005/M4_4.0_en_1.1.2_Build_20231227_Rel.84005.bin_unblob_extracted/M4_4.0_en_1.1.2_Build_20231227_Rel.84005.bin_extract/1984826-13396282.squashfs_v4_le_extract/usr/lib/opkg/info/kmod-mppe.control;kmod-mppe;-;-;
OpenWRT;/logs/firmware/patool_extraction/M4_4.0_en_1.1.2_Build_20231227_Rel.84005/M4_4.0_en_1.1.2_Build_20231227_Rel.84005.bin_unblob_extracted/M4_4.0_en_1.1.2_Build_20231227_Rel.84005.bin_extract/1984826-13396282.squashfs_v4_le_extract/usr/lib/opkg/info/kmod-ipv6.control;kmod-ipv6;-;-;
OpenWRT;/logs/firmware/patool_extraction/M4_4.0_en_1.1.2_Build_20231227_Rel.84005/M4_4.0_en_1.1.2_Build_20231227_Rel.84005.bin_unblob_extracted/M4_4.0_en_1.1.2_Build_20231227_Rel.84005.bin_extract/1984826-13396282.squashfs_v4_le_extract/usr/lib/opkg/info/libip6tc.control;libip6tc;1.4.21-1;1.4.21-1;
OpenWRT;/logs/firmware/patool_extraction/M4_4.0_en_1.1.2_Build_20231227_Rel.84005/M4_4.0_en_1.1.2_Build_20231227_Rel.84005.bin_unblob_extracted/M4_4.0_en_1.1.2_Build_20231227_Rel.84005.bin_extract/1984826-13396282.squashfs_v4_le_extract/usr/lib/opkg/info/libcloud-api.control;libcloud-api;1.0-1;1.0-1;
OpenWRT;/logs/firmware/patool_extraction/M4_4.0_en_1.1.2_Build_20231227_Rel.84005/M4_4.0_en_1.1.2_Build_20231227_Rel.84005.bin_unblob_extracted/M4_4.0_en_1.1.2_Build_20231227_Rel.84005.bin_extract/1984826-13396282.squashfs_v4_le_extract/usr/lib/opkg/info/iptables-mod-conntrack-extra.control;iptables-mod-conntrack-extra;1.4.21-1;1.4.21-1;
OpenWRT;/logs/firmware/patool_extraction/M4_4.0_en_1.1.2_Build_20231227_Rel.84005/M4_4.0_en_1.1.2_Build_20231227_Rel.84005.bin_unblob_extracted/M4_4.0_en_1.1.2_Build_20231227_Rel.84005.bin_extract/1984826-13396282.squashfs_v4_le_extract/usr/lib/opkg/info/luci-wifi-common.control;luci-wifi-common;1.0;1.0;
OpenWRT;/logs/firmware/patool_extraction/M4_4.0_en_1.1.2_Build_20231227_Rel.84005/M4_4.0_en_1.1.2_Build_20231227_Rel.84005.bin_unblob_extracted/M4_4.0_en_1.1.2_Build_20231227_Rel.84005.bin_extract/1984826-13396282.squashfs_v4_le_extract/usr/lib/opkg/info/qca-mcs-apps.control;qca-mcs-apps;g56eeb2b-1;g56eeb2b-1;
OpenWRT;/logs/firmware/patool_extraction/M4_4.0_en_1.1.2_Build_20231227_Rel.84005/M4_4.0_en_1.1.2_Build_20231227_Rel.84005.bin_unblob_extracted/M4_4.0_en_1.1.2_Build_20231227_Rel.84005.bin_extract/1984826-13396282.squashfs_v4_le_extract/usr/lib/opkg/info/kmod-crypto-ecb.control;kmod-crypto-ecb;-;-;
OpenWRT;/logs/firmware/patool_extraction/M4_4.0_en_1.1.2_Build_20231227_Rel.84005/M4_4.0_en_1.1.2_Build_20231227_Rel.84005.bin_unblob_extracted/M4_4.0_en_1.1.2_Build_20231227_Rel.84005.bin_extract/1984826-13396282.squashfs_v4_le_extract/usr/lib/opkg/info/traffic-stats.control;traffic-stats;1.0-1;1.0-1;
OpenWRT;/logs/firmware/patool_extraction/M4_4.0_en_1.1.2_Build_20231227_Rel.84005/M4_4.0_en_1.1.2_Build_20231227_Rel.84005.bin_unblob_extracted/M4_4.0_en_1.1.2_Build_20231227_Rel.84005.bin_extract/1984826-13396282.squashfs_v4_le_extract/usr/lib/opkg/info/wifi-config.control;wifi-config;1.0;1.0;
OpenWRT;/logs/firmware/patool_extraction/M4_4.0_en_1.1.2_Build_20231227_Rel.84005/M4_4.0_en_1.1.2_Build_20231227_Rel.84005.bin_unblob_extracted/M4_4.0_en_1.1.2_Build_20231227_Rel.84005.bin_extract/1984826-13396282.squashfs_v4_le_extract/usr/lib/opkg/info/v6plus.control;v6plus;1.0-1;1.0-1;
OpenWRT;/logs/firmware/patool_extraction/M4_4.0_en_1.1.2_Build_20231227_Rel.84005/M4_4.0_en_1.1.2_Build_20231227_Rel.84005.bin_unblob_extracted/M4_4.0_en_1.1.2_Build_20231227_Rel.84005.bin_extract/1984826-13396282.squashfs_v4_le_extract/usr/lib/opkg/info/curl.control;curl;7.40.0-1;7.40.0-1;
OpenWRT;/logs/firmware/patool_extraction/M4_4.0_en_1.1.2_Build_20231227_Rel.84005/M4_4.0_en_1.1.2_Build_20231227_Rel.84005.bin_unblob_extracted/M4_4.0_en_1.1.2_Build_20231227_Rel.84005.bin_extract/1984826-13396282.squashfs_v4_le_extract/usr/lib/opkg/info/luci-lib-web.control;luci-lib-web;unknown-1;unknown-1;
OpenWRT;/logs/firmware/patool_extraction/M4_4.0_en_1.1.2_Build_20231227_Rel.84005/M4_4.0_en_1.1.2_Build_20231227_Rel.84005.bin_unblob_extracted/M4_4.0_en_1.1.2_Build_20231227_Rel.84005.bin_extract/1984826-13396282.squashfs_v4_le_extract/usr/lib/opkg/info/mtd.control;mtd;20;20;
OpenWRT;/logs/firmware/patool_extraction/M4_4.0_en_1.1.2_Build_20231227_Rel.84005/M4_4.0_en_1.1.2_Build_20231227_Rel.84005.bin_unblob_extracted/M4_4.0_en_1.1.2_Build_20231227_Rel.84005.bin_extract/1984826-13396282.squashfs_v4_le_extract/usr/lib/opkg/info/libuuid.control;libuuid;2.24.1-1;2.24.1-1;
OpenWRT;/logs/firmware/patool_extraction/M4_4.0_en_1.1.2_Build_20231227_Rel.84005/M4_4.0_en_1.1.2_Build_20231227_Rel.84005.bin_unblob_extracted/M4_4.0_en_1.1.2_Build_20231227_Rel.84005.bin_extract/1984826-13396282.squashfs_v4_le_extract/usr/lib/opkg/info/libncurses.control;libncurses;5.7-5;5.7-5;
OpenWRT;/logs/firmware/patool_extraction/M4_4.0_en_1.1.2_Build_20231227_Rel.84005/M4_4.0_en_1.1.2_Build_20231227_Rel.84005.bin_unblob_extracted/M4_4.0_en_1.1.2_Build_20231227_Rel.84005.bin_extract/1984826-13396282.squashfs_v4_le_extract/usr/lib/opkg/info/parental_control.control;parental_control;1.0;1.0;
OpenWRT;/logs/firmware/patool_extraction/M4_4.0_en_1.1.2_Build_20231227_Rel.84005/M4_4.0_en_1.1.2_Build_20231227_Rel.84005.bin_unblob_extracted/M4_4.0_en_1.1.2_Build_20231227_Rel.84005.bin_extract/1984826-13396282.squashfs_v4_le_extract/usr/lib/opkg/info/libbsd.control;libbsd;0.3.0-1;0.3.0-1;
OpenWRT;/logs/firmware/patool_extraction/M4_4.0_en_1.1.2_Build_20231227_Rel.84005/M4_4.0_en_1.1.2_Build_20231227_Rel.84005.bin_unblob_extracted/M4_4.0_en_1.1.2_Build_20231227_Rel.84005.bin_extract/1984826-13396282.squashfs_v4_le_extract/usr/lib/opkg/info/libiwinfo-lua.control;libiwinfo-lua;36;36;
OpenWRT;/logs/firmware/patool_extraction/M4_4.0_en_1.1.2_Build_20231227_Rel.84005/M4_4.0_en_1.1.2_Build_20231227_Rel.84005.bin_unblob_extracted/M4_4.0_en_1.1.2_Build_20231227_Rel.84005.bin_extract/1984826-13396282.squashfs_v4_le_extract/usr/lib/opkg/info/apsd.control;apsd;1.0;1.0;
OpenWRT;/logs/firmware/patool_extraction/M4_4.0_en_1.1.2_Build_20231227_Rel.84005/M4_4.0_en_1.1.2_Build_20231227_Rel.84005.bin_unblob_extracted/M4_4.0_en_1.1.2_Build_20231227_Rel.84005.bin_extract/1984826-13396282.squashfs_v4_le_extract/usr/lib/opkg/info/kmod-l2tp.control;kmod-l2tp;-;-;
OpenWRT;/logs/firmware/patool_extraction/M4_4.0_en_1.1.2_Build_20231227_Rel.84005/M4_4.0_en_1.1.2_Build_20231227_Rel.84005.bin_unblob_extracted/M4_4.0_en_1.1.2_Build_20231227_Rel.84005.bin_extract/1984826-13396282.squashfs_v4_le_extract/usr/lib/opkg/info/pppoe-discovery.control;pppoe-discovery;3.8p;3.8p;
OpenWRT;/logs/firmware/patool_extraction/M4_4.0_en_1.1.2_Build_20231227_Rel.84005/M4_4.0_en_1.1.2_Build_20231227_Rel.84005.bin_unblob_extracted/M4_4.0_en_1.1.2_Build_20231227_Rel.84005.bin_extract/1984826-13396282.squashfs_v4_le_extract/usr/lib/opkg/info/wanDetect.control;wanDetect;1.0;1.0;
OpenWRT;/logs/firmware/patool_extraction/M4_4.0_en_1.1.2_Build_20231227_Rel.84005/M4_4.0_en_1.1.2_Build_20231227_Rel.84005.bin_unblob_extracted/M4_4.0_en_1.1.2_Build_20231227_Rel.84005.bin_extract/1984826-13396282.squashfs_v4_le_extract/usr/lib/opkg/info/luci-apps.control;luci-apps;1.0;1.0;
OpenWRT;/logs/firmware/patool_extraction/M4_4.0_en_1.1.2_Build_20231227_Rel.84005/M4_4.0_en_1.1.2_Build_20231227_Rel.84005.bin_unblob_extracted/M4_4.0_en_1.1.2_Build_20231227_Rel.84005.bin_extract/1984826-13396282.squashfs_v4_le_extract/usr/lib/opkg/info/message-server.control;message-server;1.0-1;1.0-1;
OpenWRT;/logs/firmware/patool_extraction/M4_4.0_en_1.1.2_Build_20231227_Rel.84005/M4_4.0_en_1.1.2_Build_20231227_Rel.84005.bin_unblob_extracted/M4_4.0_en_1.1.2_Build_20231227_Rel.84005.bin_extract/1984826-13396282.squashfs_v4_le_extract/usr/lib/opkg/info/libmount.control;libmount;2.24.1-1;2.24.1-1;
OpenWRT;/logs/firmware/patool_extraction/M4_4.0_en_1.1.2_Build_20231227_Rel.84005/M4_4.0_en_1.1.2_Build_20231227_Rel.84005.bin_unblob_extracted/M4_4.0_en_1.1.2_Build_20231227_Rel.84005.bin_extract/1984826-13396282.squashfs_v4_le_extract/usr/lib/opkg/info/mount-utils.control;mount-utils;2.24.1-1;2.24.1-1;
OpenWRT;/logs/firmware/patool_extraction/M4_4.0_en_1.1.2_Build_20231227_Rel.84005/M4_4.0_en_1.1.2_Build_20231227_Rel.84005.bin_unblob_extracted/M4_4.0_en_1.1.2_Build_20231227_Rel.84005.bin_extract/1984826-13396282.squashfs_v4_le_extract/usr/lib/opkg/info/kmod-crypto-aes.control;kmod-crypto-aes;-;-;
OpenWRT;/logs/firmware/patool_extraction/M4_4.0_en_1.1.2_Build_20231227_Rel.84005/M4_4.0_en_1.1.2_Build_20231227_Rel.84005.bin_unblob_extracted/M4_4.0_en_1.1.2_Build_20231227_Rel.84005.bin_extract/1984826-13396282.squashfs_v4_le_extract/usr/lib/opkg/info/dnslookup.control;dnslookup;1.0;1.0;
OpenWRT;/logs/firmware/patool_extraction/M4_4.0_en_1.1.2_Build_20231227_Rel.84005/M4_4.0_en_1.1.2_Build_20231227_Rel.84005.bin_unblob_extracted/M4_4.0_en_1.1.2_Build_20231227_Rel.84005.bin_extract/1984826-13396282.squashfs_v4_le_extract/usr/lib/opkg/info/iptables-mod-V6PORTS.control;iptables-mod-V6PORTS;2.10-3.1;2.10-3.1;
OpenWRT;/logs/firmware/patool_extraction/M4_4.0_en_1.1.2_Build_20231227_Rel.84005/M4_4.0_en_1.1.2_Build_20231227_Rel.84005.bin_unblob_extracted/M4_4.0_en_1.1.2_Build_20231227_Rel.84005.bin_extract/1984826-13396282.squashfs_v4_le_extract/usr/lib/opkg/info/tmpsvrv2.control;tmpsvrv2;2.0-1;2.0-1;
OpenWRT;/logs/firmware/patool_extraction/M4_4.0_en_1.1.2_Build_20231227_Rel.84005/M4_4.0_en_1.1.2_Build_20231227_Rel.84005.bin_unblob_extracted/M4_4.0_en_1.1.2_Build_20231227_Rel.84005.bin_extract/1984826-13396282.squashfs_v4_le_extract/usr/lib/opkg/info/kmod-neighbor-discover.control;kmod-neighbor-discover;+0.1-;+0.1-;
OpenWRT;/logs/firmware/patool_extraction/M4_4.0_en_1.1.2_Build_20231227_Rel.84005/M4_4.0_en_1.1.2_Build_20231227_Rel.84005.bin_unblob_extracted/M4_4.0_en_1.1.2_Build_20231227_Rel.84005.bin_extract/1984826-13396282.squashfs_v4_le_extract/usr/lib/opkg/info/liblog-lua.control;liblog-lua;1.0;1.0;
OpenWRT;/logs/firmware/patool_extraction/M4_4.0_en_1.1.2_Build_20231227_Rel.84005/M4_4.0_en_1.1.2_Build_20231227_Rel.84005.bin_unblob_extracted/M4_4.0_en_1.1.2_Build_20231227_Rel.84005.bin_extract/1984826-13396282.squashfs_v4_le_extract/usr/lib/opkg/info/swconfig.control;swconfig;10;10;
OpenWRT;/logs/firmware/patool_extraction/M4_4.0_en_1.1.2_Build_20231227_Rel.84005/M4_4.0_en_1.1.2_Build_20231227_Rel.84005.bin_unblob_extracted/M4_4.0_en_1.1.2_Build_20231227_Rel.84005.bin_extract/1984826-13396282.squashfs_v4_le_extract/usr/lib/opkg/info/tcpdump.control;tcpdump;4.5.1-4;4.5.1-4;
OpenWRT;/logs/firmware/patool_extraction/M4_4.0_en_1.1.2_Build_20231227_Rel.84005/M4_4.0_en_1.1.2_Build_20231227_Rel.84005.bin_unblob_extracted/M4_4.0_en_1.1.2_Build_20231227_Rel.84005.bin_extract/1984826-13396282.squashfs_v4_le_extract/usr/lib/opkg/info/kmod-ipt-nathelper-extra.control;kmod-ipt-nathelper-extra;-;-;
OpenWRT;/logs/firmware/patool_extraction/M4_4.0_en_1.1.2_Build_20231227_Rel.84005/M4_4.0_en_1.1.2_Build_20231227_Rel.84005.bin_unblob_extracted/M4_4.0_en_1.1.2_Build_20231227_Rel.84005.bin_extract/1984826-13396282.squashfs_v4_le_extract/usr/lib/opkg/info/kernel.control;kernel;--unknown;--unknown;
OpenWRT;/logs/firmware/patool_extraction/M4_4.0_en_1.1.2_Build_20231227_Rel.84005/M4_4.0_en_1.1.2_Build_20231227_Rel.84005.bin_unblob_extracted/M4_4.0_en_1.1.2_Build_20231227_Rel.84005.bin_extract/1984826-13396282.squashfs_v4_le_extract/usr/lib/opkg/info/ndppd.control;ndppd;0.2.6-1;0.2.6-1;
OpenWRT;/logs/firmware/patool_extraction/M4_4.0_en_1.1.2_Build_20231227_Rel.84005/M4_4.0_en_1.1.2_Build_20231227_Rel.84005.bin_unblob_extracted/M4_4.0_en_1.1.2_Build_20231227_Rel.84005.bin_extract/1984826-13396282.squashfs_v4_le_extract/usr/lib/opkg/info/kmod-pppox.control;kmod-pppox;-;-;
OpenWRT;/logs/firmware/patool_extraction/M4_4.0_en_1.1.2_Build_20231227_Rel.84005/M4_4.0_en_1.1.2_Build_20231227_Rel.84005.bin_unblob_extracted/M4_4.0_en_1.1.2_Build_20231227_Rel.84005.bin_extract/1984826-13396282.squashfs_v4_le_extract/usr/lib/opkg/info/libcurl.control;libcurl;7.40.0-1;7.40.0-1;
OpenWRT;/logs/firmware/patool_extraction/M4_4.0_en_1.1.2_Build_20231227_Rel.84005/M4_4.0_en_1.1.2_Build_20231227_Rel.84005.bin_unblob_extracted/M4_4.0_en_1.1.2_Build_20231227_Rel.84005.bin_extract/1984826-13396282.squashfs_v4_le_extract/usr/lib/opkg/info/re-nvrammanager.control;re-nvrammanager;0.1-1;0.1-1;
OpenWRT;/logs/firmware/patool_extraction/M4_4.0_en_1.1.2_Build_20231227_Rel.84005/M4_4.0_en_1.1.2_Build_20231227_Rel.84005.bin_unblob_extracted/M4_4.0_en_1.1.2_Build_20231227_Rel.84005.bin_extract/1984826-13396282.squashfs_v4_le_extract/usr/lib/opkg/info/libblobmsg-json.control;libblobmsg-json;2015-11-08-10429bccd0dc5d204635e110a7a8fae7b80d16cb;2015-11-08-10429bccd0dc5d204635e110a7a8fae7b80d16cb;
OpenWRT;/logs/firmware/patool_extraction/M4_4.0_en_1.1.2_Build_20231227_Rel.84005/M4_4.0_en_1.1.2_Build_20231227_Rel.84005.bin_unblob_extracted/M4_4.0_en_1.1.2_Build_20231227_Rel.84005.bin_extract/1984826-13396282.squashfs_v4_le_extract/usr/lib/opkg/info/kmod-domain-dns.control;kmod-domain-dns;+1.0-;+1.0-;
OpenWRT;/logs/firmware/patool_extraction/M4_4.0_en_1.1.2_Build_20231227_Rel.84005/M4_4.0_en_1.1.2_Build_20231227_Rel.84005.bin_unblob_extracted/M4_4.0_en_1.1.2_Build_20231227_Rel.84005.bin_extract/1984826-13396282.squashfs_v4_le_extract/usr/lib/opkg/info/libjson-script.control;libjson-script;2015-11-08-10429bccd0dc5d204635e110a7a8fae7b80d16cb;2015-11-08-10429bccd0dc5d204635e110a7a8fae7b80d16cb;
OpenWRT;/logs/firmware/patool_extraction/M4_4.0_en_1.1.2_Build_20231227_Rel.84005/M4_4.0_en_1.1.2_Build_20231227_Rel.84005.bin_unblob_extracted/M4_4.0_en_1.1.2_Build_20231227_Rel.84005.bin_extract/1984826-13396282.squashfs_v4_le_extract/usr/lib/opkg/info/ddns-scripts.control;ddns-scripts;1.0.0-21;1.0.0-21;
OpenWRT;/logs/firmware/patool_extraction/M4_4.0_en_1.1.2_Build_20231227_Rel.84005/M4_4.0_en_1.1.2_Build_20231227_Rel.84005.bin_unblob_extracted/M4_4.0_en_1.1.2_Build_20231227_Rel.84005.bin_extract/1984826-13396282.squashfs_v4_le_extract/usr/lib/opkg/info/luci-lib-ipkg.control;luci-lib-ipkg;unknown-1;unknown-1;
OpenWRT;/logs/firmware/patool_extraction/M4_4.0_en_1.1.2_Build_20231227_Rel.84005/M4_4.0_en_1.1.2_Build_20231227_Rel.84005.bin_unblob_extracted/M4_4.0_en_1.1.2_Build_20231227_Rel.84005.bin_extract/1984826-13396282.squashfs_v4_le_extract/usr/lib/opkg/info/client_mgmt.control;client_mgmt;1.0-1;1.0-1;
OpenWRT;/logs/firmware/patool_extraction/M4_4.0_en_1.1.2_Build_20231227_Rel.84005/M4_4.0_en_1.1.2_Build_20231227_Rel.84005.bin_unblob_extracted/M4_4.0_en_1.1.2_Build_20231227_Rel.84005.bin_extract/1984826-13396282.squashfs_v4_le_extract/usr/lib/opkg/info/tmpcliv2.control;tmpcliv2;2.0-1;2.0-1;
OpenWRT;/logs/firmware/patool_extraction/M4_4.0_en_1.1.2_Build_20231227_Rel.84005/M4_4.0_en_1.1.2_Build_20231227_Rel.84005.bin_unblob_extracted/M4_4.0_en_1.1.2_Build_20231227_Rel.84005.bin_extract/1984826-13396282.squashfs_v4_le_extract/usr/lib/opkg/info/libpthread.control;libpthread;-1;-1;
OpenWRT;/logs/firmware/patool_extraction/M4_4.0_en_1.1.2_Build_20231227_Rel.84005/M4_4.0_en_1.1.2_Build_20231227_Rel.84005.bin_unblob_extracted/M4_4.0_en_1.1.2_Build_20231227_Rel.84005.bin_extract/1984826-13396282.squashfs_v4_le_extract/usr/lib/opkg/info/log-export.control;log-export;1.0-1;1.0-1;
OpenWRT;/logs/firmware/patool_extraction/M4_4.0_en_1.1.2_Build_20231227_Rel.84005/M4_4.0_en_1.1.2_Build_20231227_Rel.84005.bin_unblob_extracted/M4_4.0_en_1.1.2_Build_20231227_Rel.84005.bin_extract/1984826-13396282.squashfs_v4_le_extract/usr/lib/opkg/info/libhyficommon.control;libhyficommon;g56eeb2b-1;g56eeb2b-1;
OpenWRT;/logs/firmware/patool_extraction/M4_4.0_en_1.1.2_Build_20231227_Rel.84005/M4_4.0_en_1.1.2_Build_20231227_Rel.84005.bin_unblob_extracted/M4_4.0_en_1.1.2_Build_20231227_Rel.84005.bin_extract/1984826-13396282.squashfs_v4_le_extract/usr/lib/opkg/info/resolveip.control;resolveip;2;2;
OpenWRT;/logs/firmware/patool_extraction/M4_4.0_en_1.1.2_Build_20231227_Rel.84005/M4_4.0_en_1.1.2_Build_20231227_Rel.84005.bin_unblob_extracted/M4_4.0_en_1.1.2_Build_20231227_Rel.84005.bin_extract/1984826-13396282.squashfs_v4_le_extract/usr/lib/opkg/info/libc.control;libc;-1;-1;
OpenWRT;/logs/firmware/patool_extraction/M4_4.0_en_1.1.2_Build_20231227_Rel.84005/M4_4.0_en_1.1.2_Build_20231227_Rel.84005.bin_unblob_extracted/M4_4.0_en_1.1.2_Build_20231227_Rel.84005.bin_extract/1984826-13396282.squashfs_v4_le_extract/usr/lib/opkg/info/iputils-ping6.control;iputils-ping6;20101006-1;20101006-1;
OpenWRT;/logs/firmware/patool_extraction/M4_4.0_en_1.1.2_Build_20231227_Rel.84005/M4_4.0_en_1.1.2_Build_20231227_Rel.84005.bin_unblob_extracted/M4_4.0_en_1.1.2_Build_20231227_Rel.84005.bin_extract/1984826-13396282.squashfs_v4_le_extract/usr/lib/opkg/info/luci-lib-json.control;luci-lib-json;unknown-1;unknown-1;
OpenWRT;/logs/firmware/patool_extraction/M4_4.0_en_1.1.2_Build_20231227_Rel.84005/M4_4.0_en_1.1.2_Build_20231227_Rel.84005.bin_unblob_extracted/M4_4.0_en_1.1.2_Build_20231227_Rel.84005.bin_extract/1984826-13396282.squashfs_v4_le_extract/usr/lib/opkg/info/cal.control;cal;2.24.1-1;2.24.1-1;
OpenWRT;/logs/firmware/patool_extraction/M4_4.0_en_1.1.2_Build_20231227_Rel.84005/M4_4.0_en_1.1.2_Build_20231227_Rel.84005.bin_unblob_extracted/M4_4.0_en_1.1.2_Build_20231227_Rel.84005.bin_extract/1984826-13396282.squashfs_v4_le_extract/usr/lib/opkg/info/openssl-util.control;openssl-util;1.0.2d-1;1.0.2d-1;
OpenWRT;/logs/firmware/patool_extraction/M4_4.0_en_1.1.2_Build_20231227_Rel.84005/M4_4.0_en_1.1.2_Build_20231227_Rel.84005.bin_unblob_extracted/M4_4.0_en_1.1.2_Build_20231227_Rel.84005.bin_extract/1984826-13396282.squashfs_v4_le_extract/usr/lib/opkg/info/lanv6.control;lanv6;1.0-1;1.0-1;
OpenWRT;/logs/firmware/patool_extraction/M4_4.0_en_1.1.2_Build_20231227_Rel.84005/M4_4.0_en_1.1.2_Build_20231227_Rel.84005.bin_unblob_extracted/M4_4.0_en_1.1.2_Build_20231227_Rel.84005.bin_extract/1984826-13396282.squashfs_v4_le_extract/usr/lib/opkg/info/luasocket.control;luasocket;2.0.2-3;2.0.2-3;
OpenWRT;/logs/firmware/patool_extraction/M4_4.0_en_1.1.2_Build_20231227_Rel.84005/M4_4.0_en_1.1.2_Build_20231227_Rel.84005.bin_unblob_extracted/M4_4.0_en_1.1.2_Build_20231227_Rel.84005.bin_extract/1984826-13396282.squashfs_v4_le_extract/usr/lib/opkg/info/libopenssl.control;libopenssl;1.0.2d-1;1.0.2d-1;
OpenWRT;/logs/firmware/patool_extraction/M4_4.0_en_1.1.2_Build_20231227_Rel.84005/M4_4.0_en_1.1.2_Build_20231227_Rel.84005.bin_unblob_extracted/M4_4.0_en_1.1.2_Build_20231227_Rel.84005.bin_extract/1984826-13396282.squashfs_v4_le_extract/usr/lib/opkg/info/libubox-lua.control;libubox-lua;2015-11-08-10429bccd0dc5d204635e110a7a8fae7b80d16cb;2015-11-08-10429bccd0dc5d204635e110a7a8fae7b80d16cb;
OpenWRT;/logs/firmware/patool_extraction/M4_4.0_en_1.1.2_Build_20231227_Rel.84005/M4_4.0_en_1.1.2_Build_20231227_Rel.84005.bin_unblob_extracted/M4_4.0_en_1.1.2_Build_20231227_Rel.84005.bin_extract/1984826-13396282.squashfs_v4_le_extract/usr/lib/opkg/info/repacd.control;repacd;1.0-1;1.0-1;
OpenWRT;/logs/firmware/patool_extraction/M4_4.0_en_1.1.2_Build_20231227_Rel.84005/M4_4.0_en_1.1.2_Build_20231227_Rel.84005.bin_unblob_extracted/M4_4.0_en_1.1.2_Build_20231227_Rel.84005.bin_extract/1984826-13396282.squashfs_v4_le_extract/usr/lib/opkg/info/libnetfilter-cthelper.control;libnetfilter-cthelper;1.0.0-1;1.0.0-1;
OpenWRT;/logs/firmware/patool_extraction/M4_4.0_en_1.1.2_Build_20231227_Rel.84005/M4_4.0_en_1.1.2_Build_20231227_Rel.84005.bin_unblob_extracted/M4_4.0_en_1.1.2_Build_20231227_Rel.84005.bin_extract/1984826-13396282.squashfs_v4_le_extract/usr/lib/opkg/info/jsonfilter.control;jsonfilter;2014-06-19-cdc760c58077f44fc40adbbe41e1556a67c1b9a9;2014-06-19-cdc760c58077f44fc40adbbe41e1556a67c1b9a9;
OpenWRT;/logs/firmware/patool_extraction/M4_4.0_en_1.1.2_Build_20231227_Rel.84005/M4_4.0_en_1.1.2_Build_20231227_Rel.84005.bin_unblob_extracted/M4_4.0_en_1.1.2_Build_20231227_Rel.84005.bin_extract/1984826-13396282.squashfs_v4_le_extract/usr/lib/opkg/info/firewall.control;firewall;2-55.1;2-55.1;
OpenWRT;/logs/firmware/patool_extraction/M4_4.0_en_1.1.2_Build_20231227_Rel.84005/M4_4.0_en_1.1.2_Build_20231227_Rel.84005.bin_unblob_extracted/M4_4.0_en_1.1.2_Build_20231227_Rel.84005.bin_extract/1984826-13396282.squashfs_v4_le_extract/usr/lib/opkg/info/kmod-iptv_v2.control;kmod-iptv_v2;+1.0-;+1.0-;
OpenWRT;/logs/firmware/patool_extraction/M4_4.0_en_1.1.2_Build_20231227_Rel.84005/M4_4.0_en_1.1.2_Build_20231227_Rel.84005.bin_unblob_extracted/M4_4.0_en_1.1.2_Build_20231227_Rel.84005.bin_extract/1984826-13396282.squashfs_v4_le_extract/usr/lib/opkg/info/ip6tables.control;ip6tables;1.4.21-1;1.4.21-1;
OpenWRT;/logs/firmware/patool_extraction/M4_4.0_en_1.1.2_Build_20231227_Rel.84005/M4_4.0_en_1.1.2_Build_20231227_Rel.84005.bin_unblob_extracted/M4_4.0_en_1.1.2_Build_20231227_Rel.84005.bin_extract/1984826-13396282.squashfs_v4_le_extract/usr/lib/opkg/info/dropbearconvert.control;dropbearconvert;2019.78-2;2019.78-2;
OpenWRT;/logs/firmware/patool_extraction/M4_4.0_en_1.1.2_Build_20231227_Rel.84005/M4_4.0_en_1.1.2_Build_20231227_Rel.84005.bin_unblob_extracted/M4_4.0_en_1.1.2_Build_20231227_Rel.84005.bin_extract/1984826-13396282.squashfs_v4_le_extract/usr/lib/opkg/info/uhttpd-mod-tls.control;uhttpd-mod-tls;2015-11-08-fe01ef3f52adae9da38ef47926cd50974af5d6b7;2015-11-08-fe01ef3f52adae9da38ef47926cd50974af5d6b7;
OpenWRT;/logs/firmware/patool_extraction/M4_4.0_en_1.1.2_Build_20231227_Rel.84005/M4_4.0_en_1.1.2_Build_20231227_Rel.84005.bin_unblob_extracted/M4_4.0_en_1.1.2_Build_20231227_Rel.84005.bin_extract/1984826-13396282.squashfs_v4_le_extract/usr/lib/opkg/info/libmnl.control;libmnl;1.0.3-1;1.0.3-1;
OpenWRT;/logs/firmware/patool_extraction/M4_4.0_en_1.1.2_Build_20231227_Rel.84005/M4_4.0_en_1.1.2_Build_20231227_Rel.84005.bin_unblob_extracted/M4_4.0_en_1.1.2_Build_20231227_Rel.84005.bin_extract/1984826-13396282.squashfs_v4_le_extract/usr/lib/opkg/info/connmode.control;connmode;1.0.0-1;1.0.0-1;
OpenWRT;/logs/firmware/patool_extraction/M4_4.0_en_1.1.2_Build_20231227_Rel.84005/M4_4.0_en_1.1.2_Build_20231227_Rel.84005.bin_unblob_extracted/M4_4.0_en_1.1.2_Build_20231227_Rel.84005.bin_extract/1984826-13396282.squashfs_v4_le_extract/usr/lib/opkg/info/kmod-crypto-hash.control;kmod-crypto-hash;-;-;
OpenWRT;/logs/firmware/patool_extraction/M4_4.0_en_1.1.2_Build_20231227_Rel.84005/M4_4.0_en_1.1.2_Build_20231227_Rel.84005.bin_unblob_extracted/M4_4.0_en_1.1.2_Build_20231227_Rel.84005.bin_extract/1984826-13396282.squashfs_v4_le_extract/usr/lib/opkg/info/eth-encap.control;eth-encap;1.0-1;1.0-1;
OpenWRT;/logs/firmware/patool_extraction/M4_4.0_en_1.1.2_Build_20231227_Rel.84005/M4_4.0_en_1.1.2_Build_20231227_Rel.84005.bin_unblob_extracted/M4_4.0_en_1.1.2_Build_20231227_Rel.84005.bin_extract/1984826-13396282.squashfs_v4_le_extract/usr/lib/opkg/info/ds-lite.control;ds-lite;1-1;1-1;
OpenWRT;/logs/firmware/patool_extraction/M4_4.0_en_1.1.2_Build_20231227_Rel.84005/M4_4.0_en_1.1.2_Build_20231227_Rel.84005.bin_unblob_extracted/M4_4.0_en_1.1.2_Build_20231227_Rel.84005.bin_extract/1984826-13396282.squashfs_v4_le_extract/usr/lib/opkg/info/netifd.control;netifd;2013-05-13-bc4a4bb127622c76085ecec7fd20448aad7bafaf;2013-05-13-bc4a4bb127622c76085ecec7fd20448aad7bafaf;
OpenWRT;/logs/firmware/patool_extraction/M4_4.0_en_1.1.2_Build_20231227_Rel.84005/M4_4.0_en_1.1.2_Build_20231227_Rel.84005.bin_unblob_extracted/M4_4.0_en_1.1.2_Build_20231227_Rel.84005.bin_extract/1984826-13396282.squashfs_v4_le_extract/usr/lib/opkg/info/libjson-c.control;libjson-c;0.11-2;0.11-2;
OpenWRT;/logs/firmware/patool_extraction/M4_4.0_en_1.1.2_Build_20231227_Rel.84005/M4_4.0_en_1.1.2_Build_20231227_Rel.84005.bin_unblob_extracted/M4_4.0_en_1.1.2_Build_20231227_Rel.84005.bin_extract/1984826-13396282.squashfs_v4_le_extract/usr/lib/opkg/info/radvdctl.control;radvdctl;1.0-1;1.0-1;
OpenWRT;/logs/firmware/patool_extraction/M4_4.0_en_1.1.2_Build_20231227_Rel.84005/M4_4.0_en_1.1.2_Build_20231227_Rel.84005.bin_unblob_extracted/M4_4.0_en_1.1.2_Build_20231227_Rel.84005.bin_extract/1984826-13396282.squashfs_v4_le_extract/usr/lib/opkg/info/network-roaming.control;network-roaming;1.0;1.0;
OpenWRT;/logs/firmware/patool_extraction/M4_4.0_en_1.1.2_Build_20231227_Rel.84005/M4_4.0_en_1.1.2_Build_20231227_Rel.84005.bin_unblob_extracted/M4_4.0_en_1.1.2_Build_20231227_Rel.84005.bin_extract/1984826-13396282.squashfs_v4_le_extract/usr/lib/opkg/info/iptv_v2.control;iptv_v2;1.0;1.0;
OpenWRT;/logs/firmware/patool_extraction/M4_4.0_en_1.1.2_Build_20231227_Rel.84005/M4_4.0_en_1.1.2_Build_20231227_Rel.84005.bin_unblob_extracted/M4_4.0_en_1.1.2_Build_20231227_Rel.84005.bin_extract/1984826-13396282.squashfs_v4_le_extract/usr/lib/opkg/info/kmod-lib-crc-ccitt.control;kmod-lib-crc-ccitt;-;-;
OpenWRT;/logs/firmware/patool_extraction/M4_4.0_en_1.1.2_Build_20231227_Rel.84005/M4_4.0_en_1.1.2_Build_20231227_Rel.84005.bin_unblob_extracted/M4_4.0_en_1.1.2_Build_20231227_Rel.84005.bin_extract/1984826-13396282.squashfs_v4_le_extract/usr/lib/opkg/info/libcloud-pf.control;libcloud-pf;2.0-2;2.0-2;
OpenWRT;/logs/firmware/patool_extraction/M4_4.0_en_1.1.2_Build_20231227_Rel.84005/M4_4.0_en_1.1.2_Build_20231227_Rel.84005.bin_unblob_extracted/M4_4.0_en_1.1.2_Build_20231227_Rel.84005.bin_extract/1984826-13396282.squashfs_v4_le_extract/usr/lib/opkg/info/libreadline.control;libreadline;5.2-2;5.2-2;
OpenWRT;/logs/firmware/patool_extraction/M4_4.0_en_1.1.2_Build_20231227_Rel.84005/M4_4.0_en_1.1.2_Build_20231227_Rel.84005.bin_unblob_extracted/M4_4.0_en_1.1.2_Build_20231227_Rel.84005.bin_extract/1984826-13396282.squashfs_v4_le_extract/usr/lib/opkg/info/kmod-stp.control;kmod-stp;-;-;
OpenWRT;/logs/firmware/patool_extraction/M4_4.0_en_1.1.2_Build_20231227_Rel.84005/M4_4.0_en_1.1.2_Build_20231227_Rel.84005.bin_unblob_extracted/M4_4.0_en_1.1.2_Build_20231227_Rel.84005.bin_extract/1984826-13396282.squashfs_v4_le_extract/usr/lib/opkg/info/kmod-pppoe.control;kmod-pppoe;-;-;
OpenWRT;/logs/firmware/patool_extraction/M4_4.0_en_1.1.2_Build_20231227_Rel.84005/M4_4.0_en_1.1.2_Build_20231227_Rel.84005.bin_unblob_extracted/M4_4.0_en_1.1.2_Build_20231227_Rel.84005.bin_extract/1984826-13396282.squashfs_v4_le_extract/usr/lib/opkg/info/libosmsg.control;libosmsg;1.0-1;1.0-1;
OpenWRT;/logs/firmware/patool_extraction/M4_4.0_en_1.1.2_Build_20231227_Rel.84005/M4_4.0_en_1.1.2_Build_20231227_Rel.84005.bin_unblob_extracted/M4_4.0_en_1.1.2_Build_20231227_Rel.84005.bin_extract/1984826-13396282.squashfs_v4_le_extract/usr/lib/opkg/info/wpsd.control;wpsd;1.0-1;1.0-1;
OpenWRT;/logs/firmware/patool_extraction/M4_4.0_en_1.1.2_Build_20231227_Rel.84005/M4_4.0_en_1.1.2_Build_20231227_Rel.84005.bin_unblob_extracted/M4_4.0_en_1.1.2_Build_20231227_Rel.84005.bin_extract/1984826-13396282.squashfs_v4_le_extract/usr/lib/opkg/info/tddp.control;tddp;1.0;1.0;
OpenWRT;/logs/firmware/patool_extraction/M4_4.0_en_1.1.2_Build_20231227_Rel.84005/M4_4.0_en_1.1.2_Build_20231227_Rel.84005.bin_unblob_extracted/M4_4.0_en_1.1.2_Build_20231227_Rel.84005.bin_extract/1984826-13396282.squashfs_v4_le_extract/usr/lib/opkg/info/kmod-ip6-tunnel.control;kmod-ip6-tunnel;-;-;
OpenWRT;/logs/firmware/patool_extraction/M4_4.0_en_1.1.2_Build_20231227_Rel.84005/M4_4.0_en_1.1.2_Build_20231227_Rel.84005.bin_unblob_extracted/M4_4.0_en_1.1.2_Build_20231227_Rel.84005.bin_extract/1984826-13396282.squashfs_v4_le_extract/usr/lib/opkg/info/bridge.control;bridge;1.5-1;1.5-1;
OpenWRT;/logs/firmware/patool_extraction/M4_4.0_en_1.1.2_Build_20231227_Rel.84005/M4_4.0_en_1.1.2_Build_20231227_Rel.84005.bin_unblob_extracted/M4_4.0_en_1.1.2_Build_20231227_Rel.84005.bin_extract/1984826-13396282.squashfs_v4_le_extract/usr/lib/opkg/info/libpcap.control;libpcap;1.1.1-2;1.1.1-2;
OpenWRT;/logs/firmware/patool_extraction/M4_4.0_en_1.1.2_Build_20231227_Rel.84005/M4_4.0_en_1.1.2_Build_20231227_Rel.84005.bin_unblob_extracted/M4_4.0_en_1.1.2_Build_20231227_Rel.84005.bin_extract/1984826-13396282.squashfs_v4_le_extract/usr/lib/opkg/info/fstools.control;fstools;2015-02-25-4b68e9f9ea894bf58d31e26ca5ed92c81b1a115e;2015-02-25-4b68e9f9ea894bf58d31e26ca5ed92c81b1a115e;
OpenWRT;/logs/firmware/patool_extraction/M4_4.0_en_1.1.2_Build_20231227_Rel.84005/M4_4.0_en_1.1.2_Build_20231227_Rel.84005.bin_unblob_extracted/M4_4.0_en_1.1.2_Build_20231227_Rel.84005.bin_extract/1984826-13396282.squashfs_v4_le_extract/usr/lib/opkg/info/libblkid.control;libblkid;2.24.1-1;2.24.1-1;
OpenWRT;/logs/firmware/patool_extraction/M4_4.0_en_1.1.2_Build_20231227_Rel.84005/M4_4.0_en_1.1.2_Build_20231227_Rel.84005.bin_unblob_extracted/M4_4.0_en_1.1.2_Build_20231227_Rel.84005.bin_extract/1984826-13396282.squashfs_v4_le_extract/usr/lib/opkg/info/conntrack-tools.control;conntrack-tools;1.4.2-1;1.4.2-1;
OpenWRT;/logs/firmware/patool_extraction/M4_4.0_en_1.1.2_Build_20231227_Rel.84005/M4_4.0_en_1.1.2_Build_20231227_Rel.84005.bin_unblob_extracted/M4_4.0_en_1.1.2_Build_20231227_Rel.84005.bin_extract/1984826-13396282.squashfs_v4_le_extract/usr/lib/opkg/info/kmod-crypto-des.control;kmod-crypto-des;-;-;
OpenWRT;/logs/firmware/patool_extraction/M4_4.0_en_1.1.2_Build_20231227_Rel.84005/M4_4.0_en_1.1.2_Build_20231227_Rel.84005.bin_unblob_extracted/M4_4.0_en_1.1.2_Build_20231227_Rel.84005.bin_extract/1984826-13396282.squashfs_v4_le_extract/usr/lib/opkg/info/kmod-nls-utf8.control;kmod-nls-utf8;-;-;
OpenWRT;/logs/firmware/patool_extraction/M4_4.0_en_1.1.2_Build_20231227_Rel.84005/M4_4.0_en_1.1.2_Build_20231227_Rel.84005.bin_unblob_extracted/M4_4.0_en_1.1.2_Build_20231227_Rel.84005.bin_extract/1984826-13396282.squashfs_v4_le_extract/usr/lib/opkg/info/kmod-traffic-control.control;kmod-traffic-control;+1.0-;+1.0-;
OpenWRT;/logs/firmware/patool_extraction/M4_4.0_en_1.1.2_Build_20231227_Rel.84005/M4_4.0_en_1.1.2_Build_20231227_Rel.84005.bin_unblob_extracted/M4_4.0_en_1.1.2_Build_20231227_Rel.84005.bin_extract/1984826-13396282.squashfs_v4_le_extract/usr/lib/opkg/info/ubusd.control;ubusd;2015-05-25-f361bfa5fcb2daadf3b160583ce665024f8d108e;2015-05-25-f361bfa5fcb2daadf3b160583ce665024f8d108e;
OpenWRT;/logs/firmware/patool_extraction/M4_4.0_en_1.1.2_Build_20231227_Rel.84005/M4_4.0_en_1.1.2_Build_20231227_Rel.84005.bin_unblob_extracted/M4_4.0_en_1.1.2_Build_20231227_Rel.84005.bin_extract/1984826-13396282.squashfs_v4_le_extract/usr/lib/opkg/info/zlib.control;zlib;1.2.7-1;1.2.7-1;
OpenWRT;/logs/firmware/patool_extraction/M4_4.0_en_1.1.2_Build_20231227_Rel.84005/M4_4.0_en_1.1.2_Build_20231227_Rel.84005.bin_unblob_extracted/M4_4.0_en_1.1.2_Build_20231227_Rel.84005.bin_extract/1984826-13396282.squashfs_v4_le_extract/usr/lib/opkg/info/iptables-mod-CHECKPORTS.control;iptables-mod-CHECKPORTS;2.10-3.1;2.10-3.1;
OpenWRT;/logs/firmware/patool_extraction/M4_4.0_en_1.1.2_Build_20231227_Rel.84005/M4_4.0_en_1.1.2_Build_20231227_Rel.84005.bin_unblob_extracted/M4_4.0_en_1.1.2_Build_20231227_Rel.84005.bin_extract/1984826-13396282.squashfs_v4_le_extract/usr/lib/opkg/info/kmod-ebtables.control;kmod-ebtables;-;-;
OpenWRT;/logs/firmware/patool_extraction/M4_4.0_en_1.1.2_Build_20231227_Rel.84005/M4_4.0_en_1.1.2_Build_20231227_Rel.84005.bin_unblob_extracted/M4_4.0_en_1.1.2_Build_20231227_Rel.84005.bin_extract/1984826-13396282.squashfs_v4_le_extract/usr/lib/opkg/info/libgcc.control;libgcc;-1;-1;
OpenWRT;/logs/firmware/patool_extraction/M4_4.0_en_1.1.2_Build_20231227_Rel.84005/M4_4.0_en_1.1.2_Build_20231227_Rel.84005.bin_unblob_extracted/M4_4.0_en_1.1.2_Build_20231227_Rel.84005.bin_extract/1984826-13396282.squashfs_v4_le_extract/usr/lib/opkg/info/libuci.control;libuci;2015-08-27.1-1;2015-08-27.1-1;
OpenWRT;/logs/firmware/patool_extraction/M4_4.0_en_1.1.2_Build_20231227_Rel.84005/M4_4.0_en_1.1.2_Build_20231227_Rel.84005.bin_unblob_extracted/M4_4.0_en_1.1.2_Build_20231227_Rel.84005.bin_extract/1984826-13396282.squashfs_v4_le_extract/usr/lib/opkg/info/libbz2.control;libbz2;1.0.6-1;1.0.6-1;
OpenWRT;/logs/firmware/patool_extraction/M4_4.0_en_1.1.2_Build_20231227_Rel.84005/M4_4.0_en_1.1.2_Build_20231227_Rel.84005.bin_unblob_extracted/M4_4.0_en_1.1.2_Build_20231227_Rel.84005.bin_extract/1984826-13396282.squashfs_v4_le_extract/usr/lib/opkg/info/libcloud-cli.control;libcloud-cli;1.0-1;1.0-1;
OpenWRT;/logs/firmware/patool_extraction/M4_4.0_en_1.1.2_Build_20231227_Rel.84005/M4_4.0_en_1.1.2_Build_20231227_Rel.84005.bin_unblob_extracted/M4_4.0_en_1.1.2_Build_20231227_Rel.84005.bin_extract/1984826-13396282.squashfs_v4_le_extract/usr/lib/opkg/info/guest-network.control;guest-network;1.0;1.0;
OpenWRT;/logs/firmware/patool_extraction/M4_4.0_en_1.1.2_Build_20231227_Rel.84005/M4_4.0_en_1.1.2_Build_20231227_Rel.84005.bin_unblob_extracted/M4_4.0_en_1.1.2_Build_20231227_Rel.84005.bin_extract/1984826-13396282.squashfs_v4_le_extract/usr/lib/opkg/info/iptables-mod-pctl.control;iptables-mod-pctl;2.10-3.1;2.10-3.1;
OpenWRT;/logs/firmware/patool_extraction/M4_4.0_en_1.1.2_Build_20231227_Rel.84005/M4_4.0_en_1.1.2_Build_20231227_Rel.84005.bin_unblob_extracted/M4_4.0_en_1.1.2_Build_20231227_Rel.84005.bin_extract/1984826-13396282.squashfs_v4_le_extract/usr/lib/opkg/info/libdaemon.control;libdaemon;0.14-2;0.14-2;
OpenWRT;/logs/firmware/patool_extraction/M4_4.0_en_1.1.2_Build_20231227_Rel.84005/M4_4.0_en_1.1.2_Build_20231227_Rel.84005.bin_unblob_extracted/M4_4.0_en_1.1.2_Build_20231227_Rel.84005.bin_extract/1984826-13396282.squashfs_v4_le_extract/usr/lib/opkg/info/6to4.control;6to4;1.0-1;1.0-1;
OpenWRT;/logs/firmware/patool_extraction/M4_4.0_en_1.1.2_Build_20231227_Rel.84005/M4_4.0_en_1.1.2_Build_20231227_Rel.84005.bin_unblob_extracted/M4_4.0_en_1.1.2_Build_20231227_Rel.84005.bin_extract/1984826-13396282.squashfs_v4_le_extract/usr/lib/opkg/info/luarsa.control;luarsa;1;1;
OpenWRT;/logs/firmware/patool_extraction/M4_4.0_en_1.1.2_Build_20231227_Rel.84005/M4_4.0_en_1.1.2_Build_20231227_Rel.84005.bin_unblob_extracted/M4_4.0_en_1.1.2_Build_20231227_Rel.84005.bin_extract/1984826-13396282.squashfs_v4_le_extract/usr/lib/opkg/info/message-center.control;message-center;0.1-1;0.1-1;
OpenWRT;/logs/firmware/patool_extraction/M4_4.0_en_1.1.2_Build_20231227_Rel.84005/M4_4.0_en_1.1.2_Build_20231227_Rel.84005.bin_unblob_extracted/M4_4.0_en_1.1.2_Build_20231227_Rel.84005.bin_extract/1984826-13396282.squashfs_v4_le_extract/usr/lib/opkg/info/getopt.control;getopt;2.24.1-1;2.24.1-1;
OpenWRT;/logs/firmware/patool_extraction/M4_4.0_en_1.1.2_Build_20231227_Rel.84005/M4_4.0_en_1.1.2_Build_20231227_Rel.84005.bin_unblob_extracted/M4_4.0_en_1.1.2_Build_20231227_Rel.84005.bin_extract/1984826-13396282.squashfs_v4_le_extract/usr/lib/opkg/info/iptables-mod-extra.control;iptables-mod-extra;1.4.21-1;1.4.21-1;
OpenWRT;/logs/firmware/patool_extraction/M4_4.0_en_1.1.2_Build_20231227_Rel.84005/M4_4.0_en_1.1.2_Build_20231227_Rel.84005.bin_unblob_extracted/M4_4.0_en_1.1.2_Build_20231227_Rel.84005.bin_extract/1984826-13396282.squashfs_v4_le_extract/usr/lib/opkg/info/ip6tables-extra.control;ip6tables-extra;1.4.21-1;1.4.21-1;
OpenWRT;/logs/firmware/patool_extraction/M4_4.0_en_1.1.2_Build_20231227_Rel.84005/M4_4.0_en_1.1.2_Build_20231227_Rel.84005.bin_unblob_extracted/M4_4.0_en_1.1.2_Build_20231227_Rel.84005.bin_extract/1984826-13396282.squashfs_v4_le_extract/usr/lib/opkg/info/qos-v2.control;qos-v2;1.0;1.0;
OpenWRT;/logs/firmware/patool_extraction/M4_4.0_en_1.1.2_Build_20231227_Rel.84005/M4_4.0_en_1.1.2_Build_20231227_Rel.84005.bin_unblob_extracted/M4_4.0_en_1.1.2_Build_20231227_Rel.84005.bin_extract/1984826-13396282.squashfs_v4_le_extract/usr/lib/opkg/info/libnl-tiny.control;libnl-tiny;0.1-3;0.1-3;
OpenWRT;/logs/firmware/patool_extraction/M4_4.0_en_1.1.2_Build_20231227_Rel.84005/M4_4.0_en_1.1.2_Build_20231227_Rel.84005.bin_unblob_extracted/M4_4.0_en_1.1.2_Build_20231227_Rel.84005.bin_extract/1984826-13396282.squashfs_v4_le_extract/usr/lib/opkg/info/iptables.control;iptables;1.4.21-1;1.4.21-1;
OpenWRT;/logs/firmware/patool_extraction/M4_4.0_en_1.1.2_Build_20231227_Rel.84005/M4_4.0_en_1.1.2_Build_20231227_Rel.84005.bin_unblob_extracted/M4_4.0_en_1.1.2_Build_20231227_Rel.84005.bin_extract/1984826-13396282.squashfs_v4_le_extract/usr/lib/opkg/info/libuci-lua.control;libuci-lua;2015-08-27.1-1;2015-08-27.1-1;
OpenWRT;/logs/firmware/patool_extraction/M4_4.0_en_1.1.2_Build_20231227_Rel.84005/M4_4.0_en_1.1.2_Build_20231227_Rel.84005.bin_unblob_extracted/M4_4.0_en_1.1.2_Build_20231227_Rel.84005.bin_extract/1984826-13396282.squashfs_v4_le_extract/usr/lib/opkg/info/leds.control;leds;1.0-1;1.0-1;
OpenWRT;/logs/firmware/patool_extraction/M4_4.0_en_1.1.2_Build_20231227_Rel.84005/M4_4.0_en_1.1.2_Build_20231227_Rel.84005.bin_unblob_extracted/M4_4.0_en_1.1.2_Build_20231227_Rel.84005.bin_extract/1984826-13396282.squashfs_v4_le_extract/usr/lib/opkg/info/webpages.control;webpages;1.0;1.0;
OpenWRT;/logs/firmware/patool_extraction/M4_4.0_en_1.1.2_Build_20231227_Rel.84005/M4_4.0_en_1.1.2_Build_20231227_Rel.84005.bin_unblob_extracted/M4_4.0_en_1.1.2_Build_20231227_Rel.84005.bin_extract/1984826-13396282.squashfs_v4_le_extract/usr/lib/opkg/info/time-schedule.control;time-schedule;1.0;1.0;
OpenWRT;/logs/firmware/patool_extraction/M4_4.0_en_1.1.2_Build_20231227_Rel.84005/M4_4.0_en_1.1.2_Build_20231227_Rel.84005.bin_unblob_extracted/M4_4.0_en_1.1.2_Build_20231227_Rel.84005.bin_extract/1984826-13396282.squashfs_v4_le_extract/usr/lib/opkg/info/kmod-crypto-arc4.control;kmod-crypto-arc4;-;-;
OpenWRT;/logs/firmware/patool_extraction/M4_4.0_en_1.1.2_Build_20231227_Rel.84005/M4_4.0_en_1.1.2_Build_20231227_Rel.84005.bin_unblob_extracted/M4_4.0_en_1.1.2_Build_20231227_Rel.84005.bin_extract/1984826-13396282.squashfs_v4_le_extract/usr/lib/opkg/info/dhcp-hook-d.control;dhcp-hook-d;0.1-1;0.1-1;
OpenWRT;/logs/firmware/patool_extraction/M4_4.0_en_1.1.2_Build_20231227_Rel.84005/M4_4.0_en_1.1.2_Build_20231227_Rel.84005.bin_unblob_extracted/M4_4.0_en_1.1.2_Build_20231227_Rel.84005.bin_extract/1984826-13396282.squashfs_v4_le_extract/usr/lib/opkg/info/auto-wifi-network.control;auto-wifi-network;1.0;1.0;
OpenWRT;/logs/firmware/patool_extraction/M4_4.0_en_1.1.2_Build_20231227_Rel.84005/M4_4.0_en_1.1.2_Build_20231227_Rel.84005.bin_unblob_extracted/M4_4.0_en_1.1.2_Build_20231227_Rel.84005.bin_extract/1984826-13396282.squashfs_v4_le_extract/usr/lib/opkg/info/devInfo.control;devInfo;0.1-1;0.1-1;
OpenWRT;/logs/firmware/patool_extraction/M4_4.0_en_1.1.2_Build_20231227_Rel.84005/M4_4.0_en_1.1.2_Build_20231227_Rel.84005.bin_unblob_extracted/M4_4.0_en_1.1.2_Build_20231227_Rel.84005.bin_extract/1984826-13396282.squashfs_v4_le_extract/usr/lib/opkg/info/libssh.control;libssh;0.7.3-1;0.7.3-1;
OpenWRT;/logs/firmware/patool_extraction/M4_4.0_en_1.1.2_Build_20231227_Rel.84005/M4_4.0_en_1.1.2_Build_20231227_Rel.84005.bin_unblob_extracted/M4_4.0_en_1.1.2_Build_20231227_Rel.84005.bin_extract/1984826-13396282.squashfs_v4_le_extract/usr/lib/opkg/info/pppd.control;pppd;2.4.3-8;2.4.3-8;
OpenWRT;/logs/firmware/patool_extraction/M4_4.0_en_1.1.2_Build_20231227_Rel.84005/M4_4.0_en_1.1.2_Build_20231227_Rel.84005.bin_unblob_extracted/M4_4.0_en_1.1.2_Build_20231227_Rel.84005.bin_extract/1984826-13396282.squashfs_v4_le_extract/usr/lib/opkg/info/kmod-ppp.control;kmod-ppp;-;-;
OpenWRT;/logs/firmware/patool_extraction/M4_4.0_en_1.1.2_Build_20231227_Rel.84005/M4_4.0_en_1.1.2_Build_20231227_Rel.84005.bin_unblob_extracted/M4_4.0_en_1.1.2_Build_20231227_Rel.84005.bin_extract/1984826-13396282.squashfs_v4_le_extract/usr/lib/opkg/info/libtmpv2-lua.control;libtmpv2-lua;2.0-1;2.0-1;
OpenWRT;/logs/firmware/patool_extraction/M4_4.0_en_1.1.2_Build_20231227_Rel.84005/M4_4.0_en_1.1.2_Build_20231227_Rel.84005.bin_unblob_extracted/M4_4.0_en_1.1.2_Build_20231227_Rel.84005.bin_extract/1984826-13396282.squashfs_v4_le_extract/usr/lib/opkg/info/luci-sgi-cgi.control;luci-sgi-cgi;unknown-1;unknown-1;
OpenWRT;/logs/firmware/patool_extraction/M4_4.0_en_1.1.2_Build_20231227_Rel.84005/M4_4.0_en_1.1.2_Build_20231227_Rel.84005.bin_unblob_extracted/M4_4.0_en_1.1.2_Build_20231227_Rel.84005.bin_extract/1984826-13396282.squashfs_v4_le_extract/usr/lib/opkg/info/kmod-llc.control;kmod-llc;-;-;
OpenWRT;/logs/firmware/patool_extraction/M4_4.0_en_1.1.2_Build_20231227_Rel.84005/M4_4.0_en_1.1.2_Build_20231227_Rel.84005.bin_unblob_extracted/M4_4.0_en_1.1.2_Build_20231227_Rel.84005.bin_extract/1984826-13396282.squashfs_v4_le_extract/usr/lib/opkg/info/libcloud-https.control;libcloud-https;1.0-1;1.0-1;
OpenWRT;/logs/firmware/patool_extraction/M4_4.0_en_1.1.2_Build_20231227_Rel.84005/M4_4.0_en_1.1.2_Build_20231227_Rel.84005.bin_unblob_extracted/M4_4.0_en_1.1.2_Build_20231227_Rel.84005.bin_extract/1984826-13396282.squashfs_v4_le_extract/usr/lib/opkg/info/libjson.control;libjson;0.11-2;0.11-2;
OpenWRT;/logs/firmware/patool_extraction/M4_4.0_en_1.1.2_Build_20231227_Rel.84005/M4_4.0_en_1.1.2_Build_20231227_Rel.84005.bin_unblob_extracted/M4_4.0_en_1.1.2_Build_20231227_Rel.84005.bin_extract/1984826-13396282.squashfs_v4_le_extract/usr/lib/opkg/info/sync-server.control;sync-server;1.0;1.0;
OpenWRT;/logs/firmware/patool_extraction/M4_4.0_en_1.1.2_Build_20231227_Rel.84005/M4_4.0_en_1.1.2_Build_20231227_Rel.84005.bin_unblob_extracted/M4_4.0_en_1.1.2_Build_20231227_Rel.84005.bin_extract/1984826-13396282.squashfs_v4_le_extract/usr/lib/opkg/info/wide-dhcpv6-client.control;wide-dhcpv6-client;20080615-11;20080615-11;
OpenWRT;/logs/firmware/patool_extraction/M4_4.0_en_1.1.2_Build_20231227_Rel.84005/M4_4.0_en_1.1.2_Build_20231227_Rel.84005.bin_unblob_extracted/M4_4.0_en_1.1.2_Build_20231227_Rel.84005.bin_extract/1984826-13396282.squashfs_v4_le_extract/usr/lib/opkg/info/handheld-radar.control;handheld-radar;1.0;1.0;
OpenWRT;/logs/firmware/patool_extraction/M4_4.0_en_1.1.2_Build_20231227_Rel.84005/M4_4.0_en_1.1.2_Build_20231227_Rel.84005.bin_unblob_extracted/M4_4.0_en_1.1.2_Build_20231227_Rel.84005.bin_extract/1984826-13396282.squashfs_v4_le_extract/usr/lib/opkg/info/procd.control;procd;2015-10-29.1-d5fddd91b966424bb63e943e789704d52382cc18;2015-10-29.1-d5fddd91b966424bb63e943e789704d52382cc18;
OpenWRT;/logs/firmware/patool_extraction/M4_4.0_en_1.1.2_Build_20231227_Rel.84005/M4_4.0_en_1.1.2_Build_20231227_Rel.84005.bin_unblob_extracted/M4_4.0_en_1.1.2_Build_20231227_Rel.84005.bin_extract/1984826-13396282.squashfs_v4_le_extract/usr/lib/opkg/info/libtipc-lua.control;libtipc-lua;1.0;1.0;
OpenWRT;/logs/firmware/patool_extraction/M4_4.0_en_1.1.2_Build_20231227_Rel.84005/M4_4.0_en_1.1.2_Build_20231227_Rel.84005.bin_unblob_extracted/M4_4.0_en_1.1.2_Build_20231227_Rel.84005.bin_extract/1984826-13396282.squashfs_v4_le_extract/usr/lib/opkg/info/libxtables.control;libxtables;1.4.21-1;1.4.21-1;
OpenWRT;/logs/firmware/patool_extraction/M4_4.0_en_1.1.2_Build_20231227_Rel.84005/M4_4.0_en_1.1.2_Build_20231227_Rel.84005.bin_unblob_extracted/M4_4.0_en_1.1.2_Build_20231227_Rel.84005.bin_extract/1984826-13396282.squashfs_v4_le_extract/usr/lib/opkg/info/xl2tpd.control;xl2tpd;1.1.12-1;1.1.12-1;
OpenWRT;/logs/firmware/patool_extraction/M4_4.0_en_1.1.2_Build_20231227_Rel.84005/M4_4.0_en_1.1.2_Build_20231227_Rel.84005.bin_unblob_extracted/M4_4.0_en_1.1.2_Build_20231227_Rel.84005.bin_extract/1984826-13396282.squashfs_v4_le_extract/usr/lib/opkg/info/ubus.control;ubus;2015-05-25-f361bfa5fcb2daadf3b160583ce665024f8d108e;2015-05-25-f361bfa5fcb2daadf3b160583ce665024f8d108e;
OpenWRT;/logs/firmware/patool_extraction/M4_4.0_en_1.1.2_Build_20231227_Rel.84005/M4_4.0_en_1.1.2_Build_20231227_Rel.84005.bin_unblob_extracted/M4_4.0_en_1.1.2_Build_20231227_Rel.84005.bin_extract/1984826-13396282.squashfs_v4_le_extract/usr/lib/opkg/info/libnfnetlink.control;libnfnetlink;1.0.1-1;1.0.1-1;
OpenWRT;/logs/firmware/patool_extraction/M4_4.0_en_1.1.2_Build_20231227_Rel.84005/M4_4.0_en_1.1.2_Build_20231227_Rel.84005.bin_unblob_extracted/M4_4.0_en_1.1.2_Build_20231227_Rel.84005.bin_extract/1984826-13396282.squashfs_v4_le_extract/usr/lib/opkg/info/libnetfilter-cttimeout.control;libnetfilter-cttimeout;1.0.0-1;1.0.0-1;
OpenWRT;/logs/firmware/patool_extraction/M4_4.0_en_1.1.2_Build_20231227_Rel.84005/M4_4.0_en_1.1.2_Build_20231227_Rel.84005.bin_unblob_extracted/M4_4.0_en_1.1.2_Build_20231227_Rel.84005.bin_extract/1984826-13396282.squashfs_v4_le_extract/usr/lib/opkg/info/miniupnpd.control;miniupnpd;1.8.20130426-2;1.8.20130426-2;
OpenWRT;/logs/firmware/patool_extraction/M4_4.0_en_1.1.2_Build_20231227_Rel.84005/M4_4.0_en_1.1.2_Build_20231227_Rel.84005.bin_unblob_extracted/M4_4.0_en_1.1.2_Build_20231227_Rel.84005.bin_extract/1984826-13396282.squashfs_v4_le_extract/usr/lib/opkg/info/channel-selector.control;channel-selector;1.0-1;1.0-1;
OpenWRT;/logs/firmware/patool_extraction/M4_4.0_en_1.1.2_Build_20231227_Rel.84005/M4_4.0_en_1.1.2_Build_20231227_Rel.84005.bin_unblob_extracted/M4_4.0_en_1.1.2_Build_20231227_Rel.84005.bin_extract/1984826-13396282.squashfs_v4_le_extract/usr/lib/opkg/info/uhttpd.control;uhttpd;2015-11-08-fe01ef3f52adae9da38ef47926cd50974af5d6b7;2015-11-08-fe01ef3f52adae9da38ef47926cd50974af5d6b7;
OpenWRT;/logs/firmware/patool_extraction/M4_4.0_en_1.1.2_Build_20231227_Rel.84005/M4_4.0_en_1.1.2_Build_20231227_Rel.84005.bin_unblob_extracted/M4_4.0_en_1.1.2_Build_20231227_Rel.84005.bin_extract/1984826-13396282.squashfs_v4_le_extract/usr/lib/opkg/info/autodetect.control;autodetect;1.0;1.0;
OpenWRT;/logs/firmware/patool_extraction/M4_4.0_en_1.1.2_Build_20231227_Rel.84005/M4_4.0_en_1.1.2_Build_20231227_Rel.84005.bin_unblob_extracted/M4_4.0_en_1.1.2_Build_20231227_Rel.84005.bin_extract/1984826-13396282.squashfs_v4_le_extract/usr/lib/opkg/info/kmod-lib-textsearch.control;kmod-lib-textsearch;-;-;
OpenWRT;/logs/firmware/patool_extraction/M4_4.0_en_1.1.2_Build_20231227_Rel.84005/M4_4.0_en_1.1.2_Build_20231227_Rel.84005.bin_unblob_extracted/M4_4.0_en_1.1.2_Build_20231227_Rel.84005.bin_extract/1984826-13396282.squashfs_v4_le_extract/usr/lib/opkg/info/libip4tc.control;libip4tc;1.4.21-1;1.4.21-1;
OpenWRT;/logs/firmware/patool_extraction/M4_4.0_en_1.1.2_Build_20231227_Rel.84005/M4_4.0_en_1.1.2_Build_20231227_Rel.84005.bin_unblob_extracted/M4_4.0_en_1.1.2_Build_20231227_Rel.84005.bin_extract/1984826-13396282.squashfs_v4_le_extract/usr/lib/opkg/info/uuidgen.control;uuidgen;2.24.1-1;2.24.1-1;
OpenWRT;/logs/firmware/patool_extraction/M4_4.0_en_1.1.2_Build_20231227_Rel.84005/M4_4.0_en_1.1.2_Build_20231227_Rel.84005.bin_unblob_extracted/M4_4.0_en_1.1.2_Build_20231227_Rel.84005.bin_extract/1984826-13396282.squashfs_v4_le_extract/usr/lib/opkg/info/iwinfo.control;iwinfo;36;36;
OpenWRT;/logs/firmware/patool_extraction/M4_4.0_en_1.1.2_Build_20231227_Rel.84005/M4_4.0_en_1.1.2_Build_20231227_Rel.84005.bin_unblob_extracted/M4_4.0_en_1.1.2_Build_20231227_Rel.84005.bin_extract/1984826-13396282.squashfs_v4_le_extract/usr/lib/opkg/info/dnsmasq.control;dnsmasq;2.62-2;2.62-2;
OpenWRT;/logs/firmware/patool_extraction/M4_4.0_en_1.1.2_Build_20231227_Rel.84005/M4_4.0_en_1.1.2_Build_20231227_Rel.84005.bin_unblob_extracted/M4_4.0_en_1.1.2_Build_20231227_Rel.84005.bin_extract/1984826-13396282.squashfs_v4_le_extract/usr/lib/opkg/info/libustream-openssl.control;libustream-openssl;2020-06-18-40b563b1ea89dabb2b6cd90644908134a0c8eff2;2020-06-18-40b563b1ea89dabb2b6cd90644908134a0c8eff2;
OpenWRT;/logs/firmware/patool_extraction/M4_4.0_en_1.1.2_Build_20231227_Rel.84005/M4_4.0_en_1.1.2_Build_20231227_Rel.84005.bin_unblob_extracted/M4_4.0_en_1.1.2_Build_20231227_Rel.84005.bin_extract/1984826-13396282.squashfs_v4_le_extract/usr/lib/opkg/info/libubus.control;libubus;2015-05-25-f361bfa5fcb2daadf3b160583ce665024f8d108e;2015-05-25-f361bfa5fcb2daadf3b160583ce665024f8d108e;
OpenWRT;/logs/firmware/patool_extraction/M4_4.0_en_1.1.2_Build_20231227_Rel.84005/M4_4.0_en_1.1.2_Build_20231227_Rel.84005.bin_unblob_extracted/M4_4.0_en_1.1.2_Build_20231227_Rel.84005.bin_extract/1984826-13396282.squashfs_v4_le_extract/usr/lib/opkg/info/basic-security.control;basic-security;1-0.0;1-0.0;
OpenWRT;/logs/firmware/patool_extraction/M4_4.0_en_1.1.2_Build_20231227_Rel.84005/M4_4.0_en_1.1.2_Build_20231227_Rel.84005.bin_unblob_extracted/M4_4.0_en_1.1.2_Build_20231227_Rel.84005.bin_extract/1984826-13396282.squashfs_v4_le_extract/usr/lib/opkg/info/dropbear.control;dropbear;2019.78-2;2019.78-2;
OpenWRT;/logs/firmware/patool_extraction/M4_4.0_en_1.1.2_Build_20231227_Rel.84005/M4_4.0_en_1.1.2_Build_20231227_Rel.84005.bin_unblob_extracted/M4_4.0_en_1.1.2_Build_20231227_Rel.84005.bin_extract/1984826-13396282.squashfs_v4_le_extract/usr/lib/opkg/info/luci-lib-sys.control;luci-lib-sys;unknown-1;unknown-1;
OpenWRT;/logs/firmware/patool_extraction/M4_4.0_en_1.1.2_Build_20231227_Rel.84005/M4_4.0_en_1.1.2_Build_20231227_Rel.84005.bin_unblob_extracted/M4_4.0_en_1.1.2_Build_20231227_Rel.84005.bin_extract/1984826-13396282.squashfs_v4_le_extract/usr/lib/opkg/info/kmod-nfnetlink.control;kmod-nfnetlink;-;-;
OpenWRT;/logs/firmware/patool_extraction/M4_4.0_en_1.1.2_Build_20231227_Rel.84005/M4_4.0_en_1.1.2_Build_20231227_Rel.84005.bin_unblob_extracted/M4_4.0_en_1.1.2_Build_20231227_Rel.84005.bin_extract/1984826-13396282.squashfs_v4_le_extract/usr/lib/opkg/info/libintl-full.control;libintl-full;0.18.1.1-2;0.18.1.1-2;
OpenWRT;/logs/firmware/patool_extraction/M4_4.0_en_1.1.2_Build_20231227_Rel.84005/M4_4.0_en_1.1.2_Build_20231227_Rel.84005.bin_unblob_extracted/M4_4.0_en_1.1.2_Build_20231227_Rel.84005.bin_extract/1984826-13396282.squashfs_v4_le_extract/usr/lib/opkg/info/radvdump.control;radvdump;1.7-1;1.7-1;
OpenWRT;/logs/firmware/patool_extraction/M4_4.0_en_1.1.2_Build_20231227_Rel.84005/M4_4.0_en_1.1.2_Build_20231227_Rel.84005.bin_unblob_extracted/M4_4.0_en_1.1.2_Build_20231227_Rel.84005.bin_extract/1984826-13396282.squashfs_v4_le_extract/usr/lib/opkg/info/time-settings.control;time-settings;1;1;
OpenWRT;/logs/firmware/patool_extraction/M4_4.0_en_1.1.2_Build_20231227_Rel.84005/M4_4.0_en_1.1.2_Build_20231227_Rel.84005.bin_unblob_extracted/M4_4.0_en_1.1.2_Build_20231227_Rel.84005.bin_extract/1984826-13396282.squashfs_v4_le_extract/usr/lib/opkg/info/pivot.control;pivot;0.1-1;0.1-1;
OpenWRT;/logs/firmware/patool_extraction/M4_4.0_en_1.1.2_Build_20231227_Rel.84005/M4_4.0_en_1.1.2_Build_20231227_Rel.84005.bin_unblob_extracted/M4_4.0_en_1.1.2_Build_20231227_Rel.84005.bin_extract/1984826-13396282.squashfs_v4_le_extract/usr/lib/opkg/info/liblog.control;liblog;1.0;1.0;
OpenWRT;/logs/firmware/patool_extraction/M4_4.0_en_1.1.2_Build_20231227_Rel.84005/M4_4.0_en_1.1.2_Build_20231227_Rel.84005.bin_unblob_extracted/M4_4.0_en_1.1.2_Build_20231227_Rel.84005.bin_extract/1984826-13396282.squashfs_v4_le_extract/usr/lib/opkg/info/kmod-fuse.control;kmod-fuse;-;-;
OpenWRT;/logs/firmware/patool_extraction/M4_4.0_en_1.1.2_Build_20231227_Rel.84005/M4_4.0_en_1.1.2_Build_20231227_Rel.84005.bin_unblob_extracted/M4_4.0_en_1.1.2_Build_20231227_Rel.84005.bin_extract/1984826-13396282.squashfs_v4_le_extract/usr/lib/opkg/info/luci-lib-core.control;luci-lib-core;unknown-1;unknown-1;
OpenWRT;/logs/firmware/patool_extraction/M4_4.0_en_1.1.2_Build_20231227_Rel.84005/M4_4.0_en_1.1.2_Build_20231227_Rel.84005.bin_unblob_extracted/M4_4.0_en_1.1.2_Build_20231227_Rel.84005.bin_extract/1984826-13396282.squashfs_v4_le_extract/usr/lib/opkg/info/kmod-stats.control;kmod-stats;+1.0-;+1.0-;
OpenWRT;/logs/firmware/patool_extraction/M4_4.0_en_1.1.2_Build_20231227_Rel.84005/M4_4.0_en_1.1.2_Build_20231227_Rel.84005.bin_unblob_extracted/M4_4.0_en_1.1.2_Build_20231227_Rel.84005.bin_extract/1984826-13396282.squashfs_v4_le_extract/usr/lib/opkg/info/kmod-pppol2tp.control;kmod-pppol2tp;-;-;
OpenWRT;/logs/firmware/patool_extraction/M4_4.0_en_1.1.2_Build_20231227_Rel.84005/M4_4.0_en_1.1.2_Build_20231227_Rel.84005.bin_unblob_extracted/M4_4.0_en_1.1.2_Build_20231227_Rel.84005.bin_extract/1984826-13396282.squashfs_v4_le_extract/usr/lib/opkg/info/smartip.control;smartip;0.1-1;0.1-1;
OpenWRT;/logs/firmware/patool_extraction/M4_4.0_en_1.1.2_Build_20231227_Rel.84005/M4_4.0_en_1.1.2_Build_20231227_Rel.84005.bin_unblob_extracted/M4_4.0_en_1.1.2_Build_20231227_Rel.84005.bin_extract/1984826-13396282.squashfs_v4_le_extract/usr/lib/opkg/info/conn-indicator.control;conn-indicator;2.0;2.0;
OpenWRT;/logs/firmware/patool_extraction/M4_4.0_en_1.1.2_Build_20231227_Rel.84005/M4_4.0_en_1.1.2_Build_20231227_Rel.84005.bin_unblob_extracted/M4_4.0_en_1.1.2_Build_20231227_Rel.84005.bin_extract/1984826-13396282.squashfs_v4_le_extract/usr/lib/opkg/info/kmod-domain-libs.control;kmod-domain-libs;+1.0-;+1.0-;
OpenWRT;/logs/firmware/patool_extraction/M4_4.0_en_1.1.2_Build_20231227_Rel.84005/M4_4.0_en_1.1.2_Build_20231227_Rel.84005.bin_unblob_extracted/M4_4.0_en_1.1.2_Build_20231227_Rel.84005.bin_extract/1984826-13396282.squashfs_v4_le_extract/usr/lib/opkg/info/opkg.control;opkg;618-5;618-5;
OpenWRT;/logs/firmware/patool_extraction/M4_4.0_en_1.1.2_Build_20231227_Rel.84005/M4_4.0_en_1.1.2_Build_20231227_Rel.84005.bin_unblob_extracted/M4_4.0_en_1.1.2_Build_20231227_Rel.84005.bin_extract/1984826-13396282.squashfs_v4_le_extract/usr/lib/opkg/info/liblzo.control;liblzo;2.08-1;2.08-1;
OpenWRT;/logs/firmware/patool_extraction/M4_4.0_en_1.1.2_Build_20231227_Rel.84005/M4_4.0_en_1.1.2_Build_20231227_Rel.84005.bin_unblob_extracted/M4_4.0_en_1.1.2_Build_20231227_Rel.84005.bin_extract/1984826-13396282.squashfs_v4_le_extract/usr/lib/opkg/info/access-client.control;access-client;1.0-1;1.0-1;
OpenWRT;/logs/firmware/patool_extraction/M4_4.0_en_1.1.2_Build_20231227_Rel.84005/M4_4.0_en_1.1.2_Build_20231227_Rel.84005.bin_unblob_extracted/M4_4.0_en_1.1.2_Build_20231227_Rel.84005.bin_extract/1984826-13396282.squashfs_v4_le_extract/usr/lib/opkg/info/librt.control;librt;-1;-1;
OpenWRT;/logs/firmware/patool_extraction/M4_4.0_en_1.1.2_Build_20231227_Rel.84005/M4_4.0_en_1.1.2_Build_20231227_Rel.84005.bin_unblob_extracted/M4_4.0_en_1.1.2_Build_20231227_Rel.84005.bin_extract/1984826-13396282.squashfs_v4_le_extract/usr/lib/opkg/info/libcloud-proxy.control;libcloud-proxy;1.0-1;1.0-1;
OpenWRT;/logs/firmware/patool_extraction/M4_4.0_en_1.1.2_Build_20231227_Rel.84005/M4_4.0_en_1.1.2_Build_20231227_Rel.84005.bin_unblob_extracted/M4_4.0_en_1.1.2_Build_20231227_Rel.84005.bin_extract/1984826-13396282.squashfs_v4_le_extract/usr/lib/opkg/info/kmod-dhcp-hook.control;kmod-dhcp-hook;+0.1-;+0.1-;
OpenWRT;/logs/firmware/patool_extraction/M4_4.0_en_1.1.2_Build_20231227_Rel.84005/M4_4.0_en_1.1.2_Build_20231227_Rel.84005.bin_unblob_extracted/M4_4.0_en_1.1.2_Build_20231227_Rel.84005.bin_extract/1984826-13396282.squashfs_v4_le_extract/usr/lib/opkg/info/libnetfilter-conntrack.control;libnetfilter-conntrack;1.0.4-1;1.0.4-1;
OpenWRT;/logs/firmware/patool_extraction/M4_4.0_en_1.1.2_Build_20231227_Rel.84005/M4_4.0_en_1.1.2_Build_20231227_Rel.84005.bin_unblob_extracted/M4_4.0_en_1.1.2_Build_20231227_Rel.84005.bin_extract/1984826-13396282.squashfs_v4_le_extract/usr/lib/opkg/info/luci-lib-nixio.control;luci-lib-nixio;unknown-1;unknown-1;
OpenWRT;/logs/firmware/patool_extraction/M4_4.0_en_1.1.2_Build_20231227_Rel.84005/M4_4.0_en_1.1.2_Build_20231227_Rel.84005.bin_unblob_extracted/M4_4.0_en_1.1.2_Build_20231227_Rel.84005.bin_extract/1984826-13396282.squashfs_v4_le_extract/usr/lib/opkg/info/ip.control;ip;3.15.0-1;3.15.0-1;
OpenWRT;/logs/firmware/patool_extraction/M4_4.0_en_1.1.2_Build_20231227_Rel.84005/M4_4.0_en_1.1.2_Build_20231227_Rel.84005.bin_unblob_extracted/M4_4.0_en_1.1.2_Build_20231227_Rel.84005.bin_extract/1984826-13396282.squashfs_v4_le_extract/usr/lib/opkg/info/common.control;common;0.1-1;0.1-1;
OpenWRT;/logs/firmware/patool_extraction/M4_4.0_en_1.1.2_Build_20231227_Rel.84005/M4_4.0_en_1.1.2_Build_20231227_Rel.84005.bin_unblob_extracted/M4_4.0_en_1.1.2_Build_20231227_Rel.84005.bin_extract/1984826-13396282.squashfs_v4_le_extract/usr/lib/opkg/info/ebtables.control;ebtables;2.0.10-4-1;2.0.10-4-1;
OpenWRT;/logs/firmware/patool_extraction/M4_4.0_en_1.1.2_Build_20231227_Rel.84005/M4_4.0_en_1.1.2_Build_20231227_Rel.84005.bin_unblob_extracted/M4_4.0_en_1.1.2_Build_20231227_Rel.84005.bin_extract/1984826-13396282.squashfs_v4_le_extract/usr/lib/opkg/info/libstdcpp.control;libstdcpp;-1;-1;
OpenWRT;/logs/firmware/patool_extraction/M4_4.0_en_1.1.2_Build_20231227_Rel.84005/M4_4.0_en_1.1.2_Build_20231227_Rel.84005.bin_unblob_extracted/M4_4.0_en_1.1.2_Build_20231227_Rel.84005.bin_extract/1984826-13396282.squashfs_v4_le_extract/usr/lib/opkg/info/kmod-nf-conntrack-netlink.control;kmod-nf-conntrack-netlink;-;-;
OpenWRT;/logs/firmware/patool_extraction/M4_4.0_en_1.1.2_Build_20231227_Rel.84005/M4_4.0_en_1.1.2_Build_20231227_Rel.84005.bin_unblob_extracted/M4_4.0_en_1.1.2_Build_20231227_Rel.84005.bin_extract/1984826-13396282.squashfs_v4_le_extract/usr/lib/opkg/info/flock.control;flock;2.24.1-1;2.24.1-1;
OpenWRT;/logs/firmware/patool_extraction/M4_4.0_en_1.1.2_Build_20231227_Rel.84005/M4_4.0_en_1.1.2_Build_20231227_Rel.84005.bin_unblob_extracted/M4_4.0_en_1.1.2_Build_20231227_Rel.84005.bin_extract/1984826-13396282.squashfs_v4_le_extract/usr/lib/opkg/info/kmod-nfnetlink-queue.control;kmod-nfnetlink-queue;-;-;
OpenWRT;/logs/firmware/patool_extraction/M4_4.0_en_1.1.2_Build_20231227_Rel.84005/M4_4.0_en_1.1.2_Build_20231227_Rel.84005.bin_unblob_extracted/M4_4.0_en_1.1.2_Build_20231227_Rel.84005.bin_extract/1984826-13396282.squashfs_v4_le_extract/usr/lib/opkg/info/logx.control;logx;1.0;1.0;
OpenWRT;/logs/firmware/patool_extraction/M4_4.0_en_1.1.2_Build_20231227_Rel.84005/M4_4.0_en_1.1.2_Build_20231227_Rel.84005.bin_unblob_extracted/M4_4.0_en_1.1.2_Build_20231227_Rel.84005.bin_extract/1984826-13396282.squashfs_v4_le_extract/usr/lib/opkg/info/kmod-iptunnel6.control;kmod-iptunnel6;-;-;
OpenWRT;/logs/firmware/patool_extraction/M4_4.0_en_1.1.2_Build_20231227_Rel.84005/M4_4.0_en_1.1.2_Build_20231227_Rel.84005.bin_unblob_extracted/M4_4.0_en_1.1.2_Build_20231227_Rel.84005.bin_extract/1984826-13396282.squashfs_v4_le_extract/usr/lib/opkg/info/kmod-sit.control;kmod-sit;-;-;
OpenWRT;/logs/firmware/patool_extraction/M4_4.0_en_1.1.2_Build_20231227_Rel.84005/M4_4.0_en_1.1.2_Build_20231227_Rel.84005.bin_unblob_extracted/M4_4.0_en_1.1.2_Build_20231227_Rel.84005.bin_extract/1984826-13396282.squashfs_v4_le_extract/usr/lib/opkg/info/kmod-tun.control;kmod-tun;-;-;
OpenWRT;/logs/firmware/patool_extraction/M4_4.0_en_1.1.2_Build_20231227_Rel.84005/M4_4.0_en_1.1.2_Build_20231227_Rel.84005.bin_unblob_extracted/M4_4.0_en_1.1.2_Build_20231227_Rel.84005.bin_extract/1984826-13396282.squashfs_v4_le_extract/usr/lib/opkg/info/block-mount.control;block-mount;2015-02-25-4b68e9f9ea894bf58d31e26ca5ed92c81b1a115e;2015-02-25-4b68e9f9ea894bf58d31e26ca5ed92c81b1a115e;
OpenWRT;/logs/firmware/patool_extraction/M4_4.0_en_1.1.2_Build_20231227_Rel.84005/M4_4.0_en_1.1.2_Build_20231227_Rel.84005.bin_unblob_extracted/M4_4.0_en_1.1.2_Build_20231227_Rel.84005.bin_extract/1984826-13396282.squashfs_v4_le_extract/usr/lib/opkg/info/uci.control;uci;2015-08-27.1-1;2015-08-27.1-1;
OpenWRT;/logs/firmware/patool_extraction/M4_4.0_en_1.1.2_Build_20231227_Rel.84005/M4_4.0_en_1.1.2_Build_20231227_Rel.84005.bin_unblob_extracted/M4_4.0_en_1.1.2_Build_20231227_Rel.84005.bin_extract/1984826-13396282.squashfs_v4_le_extract/usr/lib/opkg/info/libiwinfo.control;libiwinfo;36;36;
OpenWRT;/logs/firmware/patool_extraction/M4_4.0_en_1.1.2_Build_20231227_Rel.84005/M4_4.0_en_1.1.2_Build_20231227_Rel.84005.bin_unblob_extracted/M4_4.0_en_1.1.2_Build_20231227_Rel.84005.bin_extract/1984826-13396282.squashfs_v4_le_extract/usr/lib/opkg/info/radar.control;radar;1.0;1.0;
OpenWRT;/logs/firmware/patool_extraction/M4_4.0_en_1.1.2_Build_20231227_Rel.84005/M4_4.0_en_1.1.2_Build_20231227_Rel.84005.bin_unblob_extracted/M4_4.0_en_1.1.2_Build_20231227_Rel.84005.bin_extract/1984826-13396282.squashfs_v4_le_extract/usr/lib/opkg/info/kmod-gre.control;kmod-gre;-;-;
OpenWRT;/logs/firmware/patool_extraction/M4_4.0_en_1.1.2_Build_20231227_Rel.84005/M4_4.0_en_1.1.2_Build_20231227_Rel.84005.bin_unblob_extracted/M4_4.0_en_1.1.2_Build_20231227_Rel.84005.bin_extract/1984826-13396282.squashfs_v4_le_extract/usr/lib/opkg/info/server-probe.control;server-probe;1.0;1.0;
OpenWRT;/logs/firmware/patool_extraction/M4_4.0_en_1.1.2_Build_20231227_Rel.84005/M4_4.0_en_1.1.2_Build_20231227_Rel.84005.bin_unblob_extracted/M4_4.0_en_1.1.2_Build_20231227_Rel.84005.bin_extract/1984826-13396282.squashfs_v4_le_extract/usr/lib/opkg/info/kmod-ipt-nathelper.control;kmod-ipt-nathelper;-;-;
OpenWRT;/logs/firmware/patool_extraction/M4_4.0_en_1.1.2_Build_20231227_Rel.84005/M4_4.0_en_1.1.2_Build_20231227_Rel.84005.bin_unblob_extracted/M4_4.0_en_1.1.2_Build_20231227_Rel.84005.bin_extract/1984826-13396282.squashfs_v4_le_extract/usr/lib/opkg/info/ubox.control;ubox;2014-03-27-1d9d2e6ae99c9ba72d1bc40e554d5f422c9b9196;2014-03-27-1d9d2e6ae99c9ba72d1bc40e554d5f422c9b9196;
OpenWRT;/logs/firmware/patool_extraction/M4_4.0_en_1.1.2_Build_20231227_Rel.84005/M4_4.0_en_1.1.2_Build_20231227_Rel.84005.bin_unblob_extracted/M4_4.0_en_1.1.2_Build_20231227_Rel.84005.bin_extract/1984826-13396282.squashfs_v4_le_extract/usr/lib/opkg/info/kmod-qca-hyfi-bridge.control;kmod-qca-hyfi-bridge;+g0046bc7-1;+g0046bc7-1;
OpenWRT;/logs/firmware/patool_extraction/M4_4.0_en_1.1.2_Build_20231227_Rel.84005/M4_4.0_en_1.1.2_Build_20231227_Rel.84005.bin_unblob_extracted/M4_4.0_en_1.1.2_Build_20231227_Rel.84005.bin_extract/1984826-13396282.squashfs_v4_le_extract/usr/lib/opkg/info/plcManager.control;plcManager;1.0;1.0;
OpenWRT;/logs/firmware/patool_extraction/M4_4.0_en_1.1.2_Build_20231227_Rel.84005/M4_4.0_en_1.1.2_Build_20231227_Rel.84005.bin_unblob_extracted/M4_4.0_en_1.1.2_Build_20231227_Rel.84005.bin_extract/1984826-13396282.squashfs_v4_le_extract/usr/lib/opkg/info/nat.control;nat;1-0.1;1-0.1;
OpenWRT;/logs/firmware/patool_extraction/M4_4.0_en_1.1.2_Build_20231227_Rel.84005/M4_4.0_en_1.1.2_Build_20231227_Rel.84005.bin_unblob_extracted/M4_4.0_en_1.1.2_Build_20231227_Rel.84005.bin_extract/1984826-13396282.squashfs_v4_le_extract/usr/lib/opkg/info/kmod-iptunnel4.control;kmod-iptunnel4;-;-;
OpenWRT;/logs/firmware/patool_extraction/M4_4.0_en_1.1.2_Build_20231227_Rel.84005/M4_4.0_en_1.1.2_Build_20231227_Rel.84005.bin_unblob_extracted/M4_4.0_en_1.1.2_Build_20231227_Rel.84005.bin_extract/1984826-13396282.squashfs_v4_le_extract/usr/lib/opkg/info/kmod-button-poll.control;kmod-button-poll;-3;-3;
OpenWRT;/logs/firmware/patool_extraction/M4_4.0_en_1.1.2_Build_20231227_Rel.84005/M4_4.0_en_1.1.2_Build_20231227_Rel.84005.bin_unblob_extracted/M4_4.0_en_1.1.2_Build_20231227_Rel.84005.bin_extract/1984826-13396282.squashfs_v4_le_extract/usr/lib/opkg/info/kmod-shortcut-fe-cm.control;kmod-shortcut-fe-cm;+g-1;+g-1;
OpenWRT;/logs/firmware/patool_extraction/M4_4.0_en_1.1.2_Build_20231227_Rel.84005/M4_4.0_en_1.1.2_Build_20231227_Rel.84005.bin_unblob_extracted/M4_4.0_en_1.1.2_Build_20231227_Rel.84005.bin_extract/1984826-13396282.squashfs_v4_le_extract/usr/lib/opkg/info/dnsproxy.control;dnsproxy;1.0-1;1.0-1;
OpenWRT;/logs/firmware/patool_extraction/M4_4.0_en_1.1.2_Build_20231227_Rel.84005/M4_4.0_en_1.1.2_Build_20231227_Rel.84005.bin_unblob_extracted/M4_4.0_en_1.1.2_Build_20231227_Rel.84005.bin_extract/1984826-13396282.squashfs_v4_le_extract/usr/lib/opkg/info/ipv6-firewall.control;ipv6-firewall;1.0;1.0;
OpenWRT;/logs/firmware/patool_extraction/M4_4.0_en_1.1.2_Build_20231227_Rel.84005/M4_4.0_en_1.1.2_Build_20231227_Rel.84005.bin_unblob_extracted/M4_4.0_en_1.1.2_Build_20231227_Rel.84005.bin_extract/1984826-13396282.squashfs_v4_le_extract/usr/lib/opkg/info/wide-dhcpv6-server.control;wide-dhcpv6-server;20080615-11;20080615-11;
OpenWRT;/logs/firmware/patool_extraction/M4_4.0_en_1.1.2_Build_20231227_Rel.84005/M4_4.0_en_1.1.2_Build_20231227_Rel.84005.bin_unblob_extracted/M4_4.0_en_1.1.2_Build_20231227_Rel.84005.bin_extract/1984826-13396282.squashfs_v4_le_extract/usr/lib/opkg/info/uhttpd-mod-ubus.control;uhttpd-mod-ubus;2015-11-08-fe01ef3f52adae9da38ef47926cd50974af5d6b7;2015-11-08-fe01ef3f52adae9da38ef47926cd50974af5d6b7;
OpenWRT;/logs/firmware/patool_extraction/M4_4.0_en_1.1.2_Build_20231227_Rel.84005/M4_4.0_en_1.1.2_Build_20231227_Rel.84005.bin_unblob_extracted/M4_4.0_en_1.1.2_Build_20231227_Rel.84005.bin_extract/1984826-13396282.squashfs_v4_le_extract/usr/lib/opkg/info/reboot-schedule.control;reboot-schedule;1.0-1;1.0-1;
OpenWRT;/logs/firmware/patool_extraction/M4_4.0_en_1.1.2_Build_20231227_Rel.84005/M4_4.0_en_1.1.2_Build_20231227_Rel.84005.bin_unblob_extracted/M4_4.0_en_1.1.2_Build_20231227_Rel.84005.bin_extract/1984826-13396282.squashfs_v4_le_extract/usr/lib/opkg/info/kmod-domain-tip.control;kmod-domain-tip;+1.0-;+1.0-;
OpenWRT;/logs/firmware/patool_extraction/M4_4.0_en_1.1.2_Build_20231227_Rel.84005/M4_4.0_en_1.1.2_Build_20231227_Rel.84005.bin_unblob_extracted/M4_4.0_en_1.1.2_Build_20231227_Rel.84005.bin_extract/1984826-13396282.squashfs_v4_le_extract/usr/lib/opkg/info/busybox.control;busybox;1.22.1-3;1.22.1-3;
OpenWRT;/logs/firmware/patool_extraction/M4_4.0_en_1.1.2_Build_20231227_Rel.84005/M4_4.0_en_1.1.2_Build_20231227_Rel.84005.bin_unblob_extracted/M4_4.0_en_1.1.2_Build_20231227_Rel.84005.bin_extract/1984826-13396282.squashfs_v4_le_extract/usr/lib/opkg/info/kmod-shortcut-fe.control;kmod-shortcut-fe;+g-1;+g-1;
